#
# A fatal error has been detected by the Java Runtime Environment:
#
#  EXCEPTION_ACCESS_VIOLATION (0xc0000005) at pc=0x0000000000000382, pid=18368, tid=12524
#
# JRE version: OpenJDK Runtime Environment (21.0.6) (build 21.0.6+-13391695-b895.109)
# Java VM: OpenJDK 64-Bit Server VM (21.0.6+-13391695-b895.109, mixed mode, tiered, compressed oops, compressed class ptrs, g1 gc, windows-amd64)
# Problematic frame:
# V  [jvm.dll+0x357f59]
#
# No core dump will be written. Minidumps are not enabled by default on client versions of Windows
#
# If you would like to submit a bug report, please visit:
#   https://youtrack.jetbrains.com/issues/JBR
#

---------------  S U M M A R Y ------------

Command Line: --add-opens=java.base/java.lang=ALL-UNNAMED --add-opens=java.base/java.lang.invoke=ALL-UNNAMED --add-opens=java.base/java.util=ALL-UNNAMED --add-opens=java.prefs/java.util.prefs=ALL-UNNAMED --add-exports=jdk.compiler/com.sun.tools.javac.api=ALL-UNNAMED --add-exports=jdk.compiler/com.sun.tools.javac.util=ALL-UNNAMED --add-opens=java.base/java.util=ALL-UNNAMED --add-opens=java.prefs/java.util.prefs=ALL-UNNAMED --add-opens=java.base/java.nio.charset=ALL-UNNAMED --add-opens=java.base/java.net=ALL-UNNAMED --add-opens=java.base/java.util.concurrent.atomic=ALL-UNNAMED --add-opens=java.xml/javax.xml.namespace=ALL-UNNAMED -Xmx2048m -Dfile.encoding=UTF-8 -Duser.country=ID -Duser.language=en -Duser.variant -javaagent:C:\Users\USER\.gradle\wrapper\dists\gradle-8.13-bin\5xuhj0ry160q40clulazy9h7d\gradle-8.13\lib\agents\gradle-instrumentation-agent-8.13.jar org.gradle.launcher.daemon.bootstrap.GradleDaemon 8.13

Host: Intel(R) Core(TM) i5-1035G4 CPU @ 1.10GHz, 8 cores, 7G,  Windows 11 , 64 bit Build 22621 (10.0.22621.5415)
Time: Thu Aug 13 18:44:25 2026 SE Asia Standard Time elapsed time: 16.581054 seconds (0d 0h 0m 16s)

---------------  T H R E A D  ---------------

Current thread (0x00000209ca135810):  WorkerThread "GC Thread#4"    [id=12524, stack(0x0000003d61d00000,0x0000003d61e00000) (1024K)]

Stack: [0x0000003d61d00000,0x0000003d61e00000],  sp=0x0000003d61dff800,  free space=1022k
Native frames: (J=compiled Java code, j=interpreted, Vv=VM code, C=native code)
C  0x0000000000000382


siginfo: EXCEPTION_ACCESS_VIOLATION (0xc0000005), data execution prevention violation at address 0x0000000000000382


Registers:
RAX=0x0000000000000209, RBX=0x0000000000000001, RCX=0x00000209c9503998, RDX=0x00000000ffe62c68
RSP=0x0000003d61dff7f8, RBP=0x00000209c9503810, RSI=0x00000000ffe62c68, RDI=0x0000000000000001
R8 =0x000000010080d510, R9 =0x00007ff9ca002de0, R10=0x0000000000000000, R11=0x0000003d61dff630
R12=0x1ff16f12d6000000, R13=0x000000010080d510, R14=0x00000000ffe62c68, R15=0x1ff16f12d6000000
RIP=0x0000000000000382, EFLAGS=0x0000000000010202

XMM[0]=0x4141414141414141 0x4141414141414141
XMM[1]=0x0000000000000000 0x0000000000000000
XMM[2]=0x8b7a1f308b7a2150 0x8b7a21d88b7a2c08
XMM[3]=0x8b7a14808b7a16b8 0x0000000000000000
XMM[4]=0x0000000000000000 0x8b79ffa000000000
XMM[5]=0x0000000000000000 0x0000000000000000
XMM[6]=0x0000000000000000 0x0000000000000000
XMM[7]=0x0000000000000000 0x0000000000000000
XMM[8]=0x0000000000000000 0x0000000000000000
XMM[9]=0x0000000000000000 0x0000000000000000
XMM[10]=0x0000000000000000 0x0000000000000000
XMM[11]=0x0000000000000000 0x0000000000000000
XMM[12]=0x0000000000000000 0x0000000000000000
XMM[13]=0x0000000000000000 0x0000000000000000
XMM[14]=0x0000000000000000 0x0000000000000000
XMM[15]=0x0000000000000000 0x0000000000000000
  MXCSR=0x00001fa0


Register to memory mapping:

RAX=0x0000000000000209 is an unknown value
RBX=0x0000000000000001 is an unknown value
RCX=0x00000209c9503998 points into unknown readable memory: 0x00007ff9c9e40420 | 20 04 e4 c9 f9 7f 00 00
RDX=0x00000000ffe62c68 points into unknown readable memory: 0x00000000ffe62c6b | 6b 2c e6 ff 00 00 00 00
RSP=0x0000003d61dff7f8 points into unknown readable memory: 0x00007ff9c9827f59 | 59 7f 82 c9 f9 7f 00 00
RBP=0x00000209c9503810 points into unknown readable memory: 0x00007ff9c9e40480 | 80 04 e4 c9 f9 7f 00 00
RSI=0x00000000ffe62c68 points into unknown readable memory: 0x00000000ffe62c6b | 6b 2c e6 ff 00 00 00 00
RDI=0x0000000000000001 is an unknown value
R8 =0x000000010080d510 is pointing into metadata
R9 =0x00007ff9ca002de0 jvm.dll
R10=0x0 is null
R11=0x0000003d61dff630 points into unknown readable memory: 0x00000209ad491660 | 60 16 49 ad 09 02 00 00
R12=0x1ff16f12d6000000 is an unknown value
R13=0x000000010080d510 is pointing into metadata
R14=0x00000000ffe62c68 points into unknown readable memory: 0x00000000ffe62c6b | 6b 2c e6 ff 00 00 00 00
R15=0x1ff16f12d6000000 is an unknown value

Top of Stack: (sp=0x0000003d61dff7f8)
0x0000003d61dff7f8:   00007ff9c9827f59 0000000000000001
0x0000003d61dff808:   00000209c9503810 00000000ffe62c68
0x0000003d61dff818:   00007ff9c9825f9f 000000008a43fb00
0x0000003d61dff828:   00000209c9500100 00000209c9503810
0x0000003d61dff838:   00000000ffe62c68 00000209c9503810
0x0000003d61dff848:   0000000000000000 0000000000000000
0x0000003d61dff858:   00007ff9c982759f 0000000000000001
0x0000003d61dff868:   00000000ffe62c68 0000000000000000
0x0000003d61dff878:   000000008d78cad8 0000000000000000
0x0000003d61dff888:   00007ff900000000 00000209cba91d80
0x0000003d61dff898:   00007ff9c9be2aeb 00000209c9503828
0x0000003d61dff8a8:   0000000000000000 00000209c9503998
0x0000003d61dff8b8:   0000000000000000 0000000000000040
0x0000003d61dff8c8:   00000000000003d8 00000209c9251068
0x0000003d61dff8d8:   000000008a43fb04 00000209ad499730
0x0000003d61dff8e8:   0000000000000d12 00000209c9503810
0x0000003d61dff8f8:   00007ff9c98286ca 00000209c9500000
0x0000003d61dff908:   00000209ad490001 0000020900000000
0x0000003d61dff918:   0000000000000001 00000209c947a5b0
0x0000003d61dff928:   00000209cf735e10 00000209cc0d5db8
0x0000003d61dff938:   00000209cf735e48 00000209cc0d5db0
0x0000003d61dff948:   00007ff9c9824d8e 0003000300030003
0x0000003d61dff958:   00000209c9503810 00000209cf735e10
0x0000003d61dff968:   00000000000003d8 0000000009d48efd
0x0000003d61dff978:   00000005bdd1b2ae 00000209cf735e48
0x0000003d61dff988:   00000209cc0d5db0 00000209cf735e48
0x0000003d61dff998:   00007ff9c98357b8 0000003d61df0000
0x0000003d61dff9a8:   00007ff9c98b0100 0000003d00000000
0x0000003d61dff9b8:   0000000000000009 0000000000000002
0x0000003d61dff9c8:   00007ff9c96f16dc 00000209cc0d5db8
0x0000003d61dff9d8:   00000209cf735e18 0000003d60efe801
0x0000003d61dff9e8:   00007ff9c9ce2187 00000209cf735ea8 

Instructions: (pc=0x00007ff9c9827f59)
0x00007ff9c9827e59:   4d 08 4c 8b c6 e8 8d 0e fd ff 48 8b bd 40 02 00
0x00007ff9c9827e69:   00 0f b6 c3 4c 8b 74 24 68 24 03 3c 01 75 0f 48
0x00007ff9c9827e79:   b8 00 ff ff ff 7f 00 00 00 48 85 d8 74 39 48 8b
0x00007ff9c9827e89:   57 20 48 89 74 24 30 48 89 5c 24 38 48 3b 57 08
0x00007ff9c9827e99:   75 0a 48 8b cf e8 6d dd f2 ff 33 d2 48 8b 47 38
0x00007ff9c9827ea9:   48 8b ca 0f 10 44 24 30 48 03 c9 0f 11 04 c8 48
0x00007ff9c9827eb9:   8d 42 01 48 89 47 20 80 3d 49 b3 7d 00 00 48 8b
0x00007ff9c9827ec9:   7c 24 60 74 15 8b 46 08 8b 0d 41 a0 7d 00 48 d3
0x00007ff9c9827ed9:   e0 48 03 05 2f a0 7d 00 eb 04 48 8b 46 08 83 78
0x00007ff9c9827ee9:   0c 04 75 17 48 63 05 04 3a 83 00 0f b6 04 30 a8
0x00007ff9c9827ef9:   08 75 08 48 8b ce e8 7c db 3f 00 48 8d 8d 48 02
0x00007ff9c9827f09:   00 00 49 8b d7 48 8b 01 ff 10 c7 85 a8 01 00 00
0x00007ff9c9827f19:   00 00 00 00 80 3d ec b2 7d 00 00 74 16 44 8b 46
0x00007ff9c9827f29:   08 8b 0d e8 9f 7d 00 49 d3 e0 4c 03 05 d6 9f 7d
0x00007ff9c9827f39:   00 eb 04 4c 8b 46 08 49 63 40 0c 4c 8d 0d 95 ae
0x00007ff9c9827f49:   7d 00 48 8d 8d 88 01 00 00 48 8b d6 41 ff 14 c1
0x00007ff9c9827f59:   48 8b c6 48 8b 5c 24 70 48 83 c4 40 41 5f 5e 5d
0x00007ff9c9827f69:   c3 cc cc cc cc cc cc 48 89 5c 24 08 57 48 83 ec
0x00007ff9c9827f79:   20 48 8b 79 10 48 8b da 8b 97 80 00 00 00 8b 87
0x00007ff9c9827f89:   00 01 00 00 8b ca 2b c8 81 e1 ff ff 01 00 81 f9
0x00007ff9c9827f99:   fe ff 01 00 73 24 48 8b 87 80 01 00 00 48 89 1c
0x00007ff9c9827fa9:   d0 8d 42 01 25 ff ff 01 00 89 87 80 00 00 00 48
0x00007ff9c9827fb9:   8b 5c 24 30 48 83 c4 20 5f c3 48 8b 8f a0 02 00
0x00007ff9c9827fc9:   00 48 3b 8f 88 02 00 00 75 0e 48 8d 8f 80 02 00
0x00007ff9c9827fd9:   00 e8 c1 db f2 ff 33 c9 48 8b 87 b8 02 00 00 48
0x00007ff9c9827fe9:   89 1c c8 48 8d 41 01 48 8b 5c 24 30 48 89 87 a0
0x00007ff9c9827ff9:   02 00 00 48 83 c4 20 5f c3 cc cc cc cc cc cc cc
0x00007ff9c9828009:   cc cc cc cc cc cc cc 48 89 5c 24 10 48 89 6c 24
0x00007ff9c9828019:   18 56 48 83 ec 30 33 db 48 8b ea 48 8b f1 39 99
0x00007ff9c9828029:   c8 01 00 00 76 67 48 89 7c 24 40 0f 1f 40 00 0f
0x00007ff9c9828039:   1f 84 00 00 00 00 00 48 8b 86 b8 01 00 00 4c 8b
0x00007ff9c9828049:   04 d8 8b 45 50 48 8d 0c 80 49 8b 80 28 02 00 00 


Stack slot to memory mapping:

stack at sp + 0 slots: 0x0000000000000001 is an unknown value
stack at sp + 1 slots: 0x00000209c9503810 points into unknown readable memory: 0x00007ff9c9e40480 | 80 04 e4 c9 f9 7f 00 00
stack at sp + 2 slots: 0x00000000ffe62c68 points into unknown readable memory: 0x00000000ffe62c6b | 6b 2c e6 ff 00 00 00 00
stack at sp + 3 slots: 0x00007ff9c9825f9f jvm.dll
stack at sp + 4 slots: 
[error occurred during error reporting (inspecting top of stack), id 0xc0000005, EXCEPTION_ACCESS_VIOLATION (0xc0000005) at pc=0x00007ff9c960a0f6]
stack at sp + 5 slots: 0x00000209c9500100 points into unknown readable memory: 0x61726274656a2f67 | 67 2f 6a 65 74 62 72 61
stack at sp + 6 slots: 0x00000209c9503810 points into unknown readable memory: 0x00007ff9c9e40480 | 80 04 e4 c9 f9 7f 00 00
stack at sp + 7 slots: 0x00000000ffe62c68 points into unknown readable memory: 0x00000000ffe62c6b | 6b 2c e6 ff 00 00 00 00


---------------  P R O C E S S  ---------------

Threads class SMR info:
_java_thread_list=0x00000209cde5a3f0, length=80, elements={
0x00000209ad47e680, 0x00000209c90766d0, 0x00000209c9077380, 0x00000209c902d6d0,
0x00000209c902e3e0, 0x00000209c905ce00, 0x00000209c905d850, 0x00000209c905e5d0,
0x00000209c905f060, 0x00000209c91c8250, 0x00000209c94193e0, 0x00000209cac40f10,
0x00000209cac70840, 0x00000209cac6bb10, 0x00000209cadff7e0, 0x00000209cae1f5d0,
0x00000209cae379f0, 0x00000209caee21b0, 0x00000209caee2810, 0x00000209cacf3570,
0x00000209cacf5cd0, 0x00000209cacf5640, 0x00000209cacf4920, 0x00000209cacf2850,
0x00000209cacf4fb0, 0x00000209cacf3c00, 0x00000209cacf4290, 0x00000209cacf2ee0,
0x00000209cbaeac00, 0x00000209cbae9ee0, 0x00000209cbae7780, 0x00000209cbaeb920,
0x00000209cbaeb290, 0x00000209cbaea570, 0x00000209cbaebfb0, 0x00000209cbae84a0,
0x00000209cbaec640, 0x00000209cbaed360, 0x00000209cbaee080, 0x00000209cbae8b30,
0x00000209cbaee710, 0x00000209cbaeeda0, 0x00000209cbae7e10, 0x00000209cbae9850,
0x00000209ce7ed590, 0x00000209ce7f0380, 0x00000209ce7ec870, 0x00000209ce7f1730,
0x00000209ce7ee2b0, 0x00000209ce7ecf00, 0x00000209ce7f1dc0, 0x00000209ce7ee940,
0x00000209ce7edc20, 0x00000209ce7efcf0, 0x00000209ce7eefd0, 0x00000209ce7ef660,
0x00000209ce7f0a10, 0x00000209ce7f2450, 0x00000209cd5a8200, 0x00000209d7d757a0,
0x00000209d7d743f0, 0x00000209d7d78c20, 0x00000209d7d792b0, 0x00000209d7d75e30,
0x00000209d7d79fd0, 0x00000209d7d76b50, 0x00000209d7d771e0, 0x00000209d7d77870,
0x00000209d7d7a660, 0x00000209d7d7ba10, 0x00000209d7d77f00, 0x00000209d7d7acf0,
0x00000209d7d74a80, 0x00000209cb4b1370, 0x00000209cb4b2720, 0x00000209cb4adef0,
0x00000209cb4b1a00, 0x00000209cb4ad860, 0x00000209cb4affc0, 0x00000209cb4ac4b0
}

Java Threads: ( => current thread )
  0x00000209ad47e680 JavaThread "main"                              [_thread_blocked, id=18200, stack(0x0000003d60700000,0x0000003d60800000) (1024K)]
  0x00000209c90766d0 JavaThread "Reference Handler"          daemon [_thread_blocked, id=15512, stack(0x0000003d60f00000,0x0000003d61000000) (1024K)]
  0x00000209c9077380 JavaThread "Finalizer"                  daemon [_thread_blocked, id=10396, stack(0x0000003d61000000,0x0000003d61100000) (1024K)]
  0x00000209c902d6d0 JavaThread "Signal Dispatcher"          daemon [_thread_blocked, id=3948, stack(0x0000003d61100000,0x0000003d61200000) (1024K)]
  0x00000209c902e3e0 JavaThread "Attach Listener"            daemon [_thread_blocked, id=15428, stack(0x0000003d61200000,0x0000003d61300000) (1024K)]
  0x00000209c905ce00 JavaThread "Service Thread"             daemon [_thread_blocked, id=4188, stack(0x0000003d61300000,0x0000003d61400000) (1024K)]
  0x00000209c905d850 JavaThread "Monitor Deflation Thread"   daemon [_thread_blocked, id=1480, stack(0x0000003d61400000,0x0000003d61500000) (1024K)]
  0x00000209c905e5d0 JavaThread "C2 CompilerThread0"         daemon [_thread_blocked, id=10888, stack(0x0000003d61500000,0x0000003d61600000) (1024K)]
  0x00000209c905f060 JavaThread "C1 CompilerThread0"         daemon [_thread_blocked, id=6360, stack(0x0000003d61600000,0x0000003d61700000) (1024K)]
  0x00000209c91c8250 JavaThread "Common-Cleaner"             daemon [_thread_blocked, id=18196, stack(0x0000003d61700000,0x0000003d61800000) (1024K)]
  0x00000209c94193e0 JavaThread "Notification Thread"        daemon [_thread_blocked, id=15256, stack(0x0000003d61800000,0x0000003d61900000) (1024K)]
  0x00000209cac40f10 JavaThread "Daemon health stats"               [_thread_blocked, id=2064, stack(0x0000003d62100000,0x0000003d62200000) (1024K)]
  0x00000209cac70840 JavaThread "Incoming local TCP Connector on port 53746"        [_thread_in_native, id=18072, stack(0x0000003d62200000,0x0000003d62300000) (1024K)]
  0x00000209cac6bb10 JavaThread "Daemon periodic checks"            [_thread_blocked, id=16520, stack(0x0000003d62300000,0x0000003d62400000) (1024K)]
  0x00000209cadff7e0 JavaThread "Daemon"                            [_thread_blocked, id=15884, stack(0x0000003d62400000,0x0000003d62500000) (1024K)]
  0x00000209cae1f5d0 JavaThread "Handler for socket connection from /127.0.0.1:53746 to /127.0.0.1:53749"        [_thread_in_native, id=15476, stack(0x0000003d62500000,0x0000003d62600000) (1024K)]
  0x00000209cae379f0 JavaThread "Cancel handler"                    [_thread_blocked, id=4024, stack(0x0000003d62600000,0x0000003d62700000) (1024K)]
  0x00000209caee21b0 JavaThread "Daemon worker"                     [_thread_blocked, id=9060, stack(0x0000003d62700000,0x0000003d62800000) (1024K)]
  0x00000209caee2810 JavaThread "Asynchronous log dispatcher for DefaultDaemonConnection: socket connection from /127.0.0.1:53746 to /127.0.0.1:53749"        [_thread_blocked, id=13612, stack(0x0000003d62800000,0x0000003d62900000) (1024K)]
  0x00000209cacf3570 JavaThread "Stdin handler"                     [_thread_blocked, id=11524, stack(0x0000003d62900000,0x0000003d62a00000) (1024K)]
  0x00000209cacf5cd0 JavaThread "Daemon client event forwarder"        [_thread_blocked, id=15496, stack(0x0000003d62a00000,0x0000003d62b00000) (1024K)]
  0x00000209cacf5640 JavaThread "Cache worker for journal cache (C:\Users\USER\.gradle\caches\journal-1)"        [_thread_blocked, id=16788, stack(0x0000003d62c00000,0x0000003d62d00000) (1024K)]
  0x00000209cacf4920 JavaThread "File lock request listener"        [_thread_in_native, id=4656, stack(0x0000003d62d00000,0x0000003d62e00000) (1024K)]
  0x00000209cacf2850 JavaThread "Cache worker for file hash cache (C:\Users\USER\.gradle\caches\8.13\fileHashes)"        [_thread_blocked, id=14156, stack(0x0000003d62e00000,0x0000003d62f00000) (1024K)]
  0x00000209cacf4fb0 JavaThread "Cache worker for file hash cache (C:\Users\USER\AndroidStudioProjects\HelloCompose\.gradle\8.13\fileHashes)"        [_thread_blocked, id=16272, stack(0x0000003d63000000,0x0000003d63100000) (1024K)]
  0x00000209cacf3c00 JavaThread "Cache worker for Build Output Cleanup Cache (C:\Users\USER\AndroidStudioProjects\HelloCompose\.gradle\buildOutputCleanup)"        [_thread_blocked, id=7824, stack(0x0000003d63100000,0x0000003d63200000) (1024K)]
  0x00000209cacf4290 JavaThread "File watcher server"        daemon [_thread_in_native, id=13880, stack(0x0000003d63200000,0x0000003d63300000) (1024K)]
  0x00000209cacf2ee0 JavaThread "File watcher consumer"      daemon [_thread_blocked, id=7228, stack(0x0000003d63300000,0x0000003d63400000) (1024K)]
  0x00000209cbaeac00 JavaThread "jar transforms"                    [_thread_blocked, id=17784, stack(0x0000003d63400000,0x0000003d63500000) (1024K)]
  0x00000209cbae9ee0 JavaThread "jar transforms Thread 2"           [_thread_blocked, id=15992, stack(0x0000003d63500000,0x0000003d63600000) (1024K)]
  0x00000209cbae7780 JavaThread "jar transforms Thread 3"           [_thread_blocked, id=1708, stack(0x0000003d63600000,0x0000003d63700000) (1024K)]
  0x00000209cbaeb920 JavaThread "jar transforms Thread 4"           [_thread_blocked, id=9976, stack(0x0000003d63700000,0x0000003d63800000) (1024K)]
  0x00000209cbaeb290 JavaThread "jar transforms Thread 5"           [_thread_blocked, id=9008, stack(0x0000003d63800000,0x0000003d63900000) (1024K)]
  0x00000209cbaea570 JavaThread "jar transforms Thread 6"           [_thread_blocked, id=17396, stack(0x0000003d63900000,0x0000003d63a00000) (1024K)]
  0x00000209cbaebfb0 JavaThread "jar transforms Thread 7"           [_thread_blocked, id=17040, stack(0x0000003d63a00000,0x0000003d63b00000) (1024K)]
  0x00000209cbae84a0 JavaThread "jar transforms Thread 8"           [_thread_blocked, id=17576, stack(0x0000003d63b00000,0x0000003d63c00000) (1024K)]
  0x00000209cbaec640 JavaThread "Cache worker for checksums cache (C:\Users\USER\AndroidStudioProjects\HelloCompose\.gradle\8.13\checksums)"        [_thread_blocked, id=18312, stack(0x0000003d63c00000,0x0000003d63d00000) (1024K)]
  0x00000209cbaed360 JavaThread "Cache worker for file content cache (C:\Users\USER\.gradle\caches\8.13\fileContent)"        [_thread_blocked, id=9336, stack(0x0000003d63d00000,0x0000003d63e00000) (1024K)]
  0x00000209cbaee080 JavaThread "Cache worker for cache directory md-supplier (C:\Users\USER\.gradle\caches\8.13\md-supplier)"        [_thread_blocked, id=7460, stack(0x0000003d63e00000,0x0000003d63f00000) (1024K)]
  0x00000209cbae8b30 JavaThread "Cache worker for cache directory md-rule (C:\Users\USER\.gradle\caches\8.13\md-rule)"        [_thread_blocked, id=17756, stack(0x0000003d63f00000,0x0000003d64000000) (1024K)]
  0x00000209cbaee710 JavaThread "Unconstrained build operations"        [_thread_blocked, id=1824, stack(0x0000003d64000000,0x0000003d64100000) (1024K)]
  0x00000209cbaeeda0 JavaThread "Unconstrained build operations Thread 2"        [_thread_blocked, id=6964, stack(0x0000003d64100000,0x0000003d64200000) (1024K)]
  0x00000209cbae7e10 JavaThread "Unconstrained build operations Thread 3"        [_thread_blocked, id=17260, stack(0x0000003d64200000,0x0000003d64300000) (1024K)]
  0x00000209cbae9850 JavaThread "Unconstrained build operations Thread 4"        [_thread_blocked, id=6700, stack(0x0000003d64300000,0x0000003d64400000) (1024K)]
  0x00000209ce7ed590 JavaThread "Unconstrained build operations Thread 5"        [_thread_blocked, id=2136, stack(0x0000003d64400000,0x0000003d64500000) (1024K)]
  0x00000209ce7f0380 JavaThread "Unconstrained build operations Thread 6"        [_thread_blocked, id=6712, stack(0x0000003d64500000,0x0000003d64600000) (1024K)]
  0x00000209ce7ec870 JavaThread "Unconstrained build operations Thread 7"        [_thread_blocked, id=1528, stack(0x0000003d64600000,0x0000003d64700000) (1024K)]
  0x00000209ce7f1730 JavaThread "Unconstrained build operations Thread 8"        [_thread_blocked, id=14724, stack(0x0000003d64700000,0x0000003d64800000) (1024K)]
  0x00000209ce7ee2b0 JavaThread "Unconstrained build operations Thread 9"        [_thread_blocked, id=3304, stack(0x0000003d64800000,0x0000003d64900000) (1024K)]
  0x00000209ce7ecf00 JavaThread "Unconstrained build operations Thread 10"        [_thread_blocked, id=2660, stack(0x0000003d64900000,0x0000003d64a00000) (1024K)]
  0x00000209ce7f1dc0 JavaThread "Unconstrained build operations Thread 11"        [_thread_blocked, id=17608, stack(0x0000003d64a00000,0x0000003d64b00000) (1024K)]
  0x00000209ce7ee940 JavaThread "Unconstrained build operations Thread 12"        [_thread_blocked, id=9780, stack(0x0000003d64b00000,0x0000003d64c00000) (1024K)]
  0x00000209ce7edc20 JavaThread "Unconstrained build operations Thread 13"        [_thread_blocked, id=11208, stack(0x0000003d64c00000,0x0000003d64d00000) (1024K)]
  0x00000209ce7efcf0 JavaThread "Unconstrained build operations Thread 14"        [_thread_blocked, id=12796, stack(0x0000003d64d00000,0x0000003d64e00000) (1024K)]
  0x00000209ce7eefd0 JavaThread "Unconstrained build operations Thread 15"        [_thread_blocked, id=16956, stack(0x0000003d64e00000,0x0000003d64f00000) (1024K)]
  0x00000209ce7ef660 JavaThread "Unconstrained build operations Thread 16"        [_thread_blocked, id=17504, stack(0x0000003d64f00000,0x0000003d65000000) (1024K)]
  0x00000209ce7f0a10 JavaThread "Unconstrained build operations Thread 17"        [_thread_blocked, id=8512, stack(0x0000003d65000000,0x0000003d65100000) (1024K)]
  0x00000209ce7f2450 JavaThread "Unconstrained build operations Thread 18"        [_thread_blocked, id=312, stack(0x0000003d65100000,0x0000003d65200000) (1024K)]
  0x00000209cd5a8200 JavaThread "C2 CompilerThread1"         daemon [_thread_blocked, id=9276, stack(0x0000003d61900000,0x0000003d61a00000) (1024K)]
  0x00000209d7d757a0 JavaThread "Unconstrained build operations Thread 19"        [_thread_blocked, id=12636, stack(0x0000003d62f00000,0x0000003d63000000) (1024K)]
  0x00000209d7d743f0 JavaThread "Unconstrained build operations Thread 20"        [_thread_blocked, id=4952, stack(0x0000003d65200000,0x0000003d65300000) (1024K)]
  0x00000209d7d78c20 JavaThread "Unconstrained build operations Thread 21"        [_thread_blocked, id=16408, stack(0x0000003d65300000,0x0000003d65400000) (1024K)]
  0x00000209d7d792b0 JavaThread "Unconstrained build operations Thread 22"        [_thread_blocked, id=16604, stack(0x0000003d65400000,0x0000003d65500000) (1024K)]
  0x00000209d7d75e30 JavaThread "Unconstrained build operations Thread 23"        [_thread_blocked, id=16280, stack(0x0000003d65500000,0x0000003d65600000) (1024K)]
  0x00000209d7d79fd0 JavaThread "Unconstrained build operations Thread 24"        [_thread_blocked, id=5688, stack(0x0000003d65600000,0x0000003d65700000) (1024K)]
  0x00000209d7d76b50 JavaThread "Unconstrained build operations Thread 25"        [_thread_blocked, id=3860, stack(0x0000003d65700000,0x0000003d65800000) (1024K)]
  0x00000209d7d771e0 JavaThread "Unconstrained build operations Thread 26"        [_thread_blocked, id=1220, stack(0x0000003d65800000,0x0000003d65900000) (1024K)]
  0x00000209d7d77870 JavaThread "Unconstrained build operations Thread 27"        [_thread_blocked, id=4640, stack(0x0000003d65900000,0x0000003d65a00000) (1024K)]
  0x00000209d7d7a660 JavaThread "Unconstrained build operations Thread 28"        [_thread_blocked, id=2148, stack(0x0000003d65a00000,0x0000003d65b00000) (1024K)]
  0x00000209d7d7ba10 JavaThread "Unconstrained build operations Thread 29"        [_thread_blocked, id=2904, stack(0x0000003d65b00000,0x0000003d65c00000) (1024K)]
  0x00000209d7d77f00 JavaThread "Unconstrained build operations Thread 30"        [_thread_blocked, id=2108, stack(0x0000003d65c00000,0x0000003d65d00000) (1024K)]
  0x00000209d7d7acf0 JavaThread "Unconstrained build operations Thread 31"        [_thread_blocked, id=17684, stack(0x0000003d65d00000,0x0000003d65e00000) (1024K)]
  0x00000209d7d74a80 JavaThread "Unconstrained build operations Thread 32"        [_thread_blocked, id=18164, stack(0x0000003d65e00000,0x0000003d65f00000) (1024K)]
  0x00000209cb4b1370 JavaThread "Unconstrained build operations Thread 33"        [_thread_blocked, id=8404, stack(0x0000003d65f00000,0x0000003d66000000) (1024K)]
  0x00000209cb4b2720 JavaThread "Unconstrained build operations Thread 34"        [_thread_blocked, id=5116, stack(0x0000003d66000000,0x0000003d66100000) (1024K)]
  0x00000209cb4adef0 JavaThread "Unconstrained build operations Thread 35"        [_thread_blocked, id=17328, stack(0x0000003d66100000,0x0000003d66200000) (1024K)]
  0x00000209cb4b1a00 JavaThread "Unconstrained build operations Thread 36"        [_thread_blocked, id=10876, stack(0x0000003d66200000,0x0000003d66300000) (1024K)]
  0x00000209cb4ad860 JavaThread "Unconstrained build operations Thread 37"        [_thread_blocked, id=13244, stack(0x0000003d66300000,0x0000003d66400000) (1024K)]
  0x00000209cb4affc0 JavaThread "Unconstrained build operations Thread 38"        [_thread_blocked, id=4560, stack(0x0000003d66400000,0x0000003d66500000) (1024K)]
  0x00000209cb4ac4b0 JavaThread "Unconstrained build operations Thread 39"        [_thread_blocked, id=17896, stack(0x0000003d66500000,0x0000003d66600000) (1024K)]
Total: 80

Other Threads:
  0x00000209c4b630b0 VMThread "VM Thread"                           [id=17892, stack(0x0000003d60e00000,0x0000003d60f00000) (1024K)]
  0x00000209c4aff7c0 WatcherThread "VM Periodic Task Thread"        [id=3752, stack(0x0000003d60d00000,0x0000003d60e00000) (1024K)]
  0x00000209ad4d7e20 WorkerThread "GC Thread#0"                     [id=12384, stack(0x0000003d60800000,0x0000003d60900000) (1024K)]
  0x00000209c947a920 WorkerThread "GC Thread#1"                     [id=9328, stack(0x0000003d61b00000,0x0000003d61c00000) (1024K)]
  0x00000209c947acc0 WorkerThread "GC Thread#2"                     [id=756, stack(0x0000003d61c00000,0x0000003d61d00000) (1024K)]
  0x00000209ca2ecf10 WorkerThread "GC Thread#3"                     [id=15776, stack(0x0000003d61a00000,0x0000003d61b00000) (1024K)]
=>0x00000209ca135810 WorkerThread "GC Thread#4"                     [id=12524, stack(0x0000003d61d00000,0x0000003d61e00000) (1024K)]
  0x00000209cabc8750 WorkerThread "GC Thread#5"                     [id=14616, stack(0x0000003d61e00000,0x0000003d61f00000) (1024K)]
  0x00000209cabc8af0 WorkerThread "GC Thread#6"                     [id=3768, stack(0x0000003d61f00000,0x0000003d62000000) (1024K)]
  0x00000209cabcd2a0 WorkerThread "GC Thread#7"                     [id=17132, stack(0x0000003d62000000,0x0000003d62100000) (1024K)]
  0x00000209ad4e8e80 ConcurrentGCThread "G1 Main Marker"            [id=12404, stack(0x0000003d60900000,0x0000003d60a00000) (1024K)]
  0x00000209ad4e9890 WorkerThread "G1 Conc#0"                       [id=8656, stack(0x0000003d60a00000,0x0000003d60b00000) (1024K)]
  0x00000209caed1c80 WorkerThread "G1 Conc#1"                       [id=9428, stack(0x0000003d62b00000,0x0000003d62c00000) (1024K)]
  0x00000209ad53ea60 ConcurrentGCThread "G1 Refine#0"               [id=9924, stack(0x0000003d60b00000,0x0000003d60c00000) (1024K)]
  0x00000209c49d66e0 ConcurrentGCThread "G1 Service"                [id=17700, stack(0x0000003d60c00000,0x0000003d60d00000) (1024K)]
Total: 15

Threads with active compile tasks:
C2 CompilerThread0  16650 13096       4       sun.security.provider.MD5::implCompress0 (1407 bytes)
C1 CompilerThread0  16650 13160       3       java.nio.file.spi.FileSystemProvider::newInputStream (102 bytes)
C2 CompilerThread1  16650 13104       4       java.nio.HeapByteBuffer::putInt (31 bytes)
Total: 3

VM state: at safepoint (normal execution)

VM Mutex/Monitor currently owned by a thread:  ([mutex/lock_event])
[0x00007ff9ca07e3a0] Threads_lock - owner thread: 0x00000209c4b630b0
[0x00007ff9ca07e4a0] Heap_lock - owner thread: 0x00000209cacf5640

Heap address: 0x0000000080000000, size: 2048 MB, Compressed Oops mode: 32-bit

CDS archive(s) not mapped
Compressed class space mapped at: 0x0000000100000000-0x0000000140000000, reserved size: 1073741824
Narrow klass base: 0x0000000000000000, Narrow klass shift: 3, Narrow klass range: 0x140000000

GC Precious Log:
 CardTable entry size: 512
 Card Set container configuration: InlinePtr #cards 5 size 8 Array Of Cards #cards 12 size 40 Howl #buckets 4 coarsen threshold 1843 Howl Bitmap #cards 512 size 80 coarsen threshold 460 Card regions per heap region 1 cards per card region 2048
 CPUs: 8 total, 8 available
 Memory: 7987M
 Large Page Support: Disabled
 NUMA Support: Disabled
 Compressed Oops: Enabled (32-bit)
 Heap Region Size: 1M
 Heap Min Capacity: 8M
 Heap Initial Capacity: 126M
 Heap Max Capacity: 2G
 Pre-touch: Disabled
 Parallel Workers: 8
 Concurrent Workers: 2
 Concurrent Refinement Workers: 8
 Periodic GC: Disabled

Heap:
 garbage-first heap   total 256000K, used 233217K [0x0000000080000000, 0x0000000100000000)
  region size 1024K, 74 young (75776K), 3 survivors (3072K)
 Metaspace       used 136132K, committed 138432K, reserved 1179648K
  class space    used 17384K, committed 18496K, reserved 1048576K

Heap Regions: E=young(eden), S=young(survivor), O=old, HS=humongous(starts), HC=humongous(continues), CS=collection set, F=free, TAMS=top-at-mark-start, PB=parsable bottom
|   0|0x0000000080000000, 0x0000000080100000, 0x0000000080100000|100%|HS|  |TAMS 0x0000000080000000| PB 0x0000000080000000| Complete 
|   1|0x0000000080100000, 0x0000000080200000, 0x0000000080200000|100%|HC|  |TAMS 0x0000000080100000| PB 0x0000000080100000| Complete 
|   2|0x0000000080200000, 0x0000000080300000, 0x0000000080300000|100%|HC|  |TAMS 0x0000000080200000| PB 0x0000000080200000| Complete 
|   3|0x0000000080300000, 0x0000000080400000, 0x0000000080400000|100%| O|  |TAMS 0x0000000080300000| PB 0x0000000080300000| Untracked 
|   4|0x0000000080400000, 0x0000000080500000, 0x0000000080500000|100%| O|  |TAMS 0x0000000080400000| PB 0x0000000080400000| Untracked 
|   5|0x0000000080500000, 0x0000000080600000, 0x0000000080600000|100%| O|  |TAMS 0x0000000080500000| PB 0x0000000080500000| Untracked 
|   6|0x0000000080600000, 0x0000000080700000, 0x0000000080700000|100%|HS|  |TAMS 0x0000000080600000| PB 0x0000000080600000| Complete 
|   7|0x0000000080700000, 0x0000000080800000, 0x0000000080800000|100%| O|  |TAMS 0x0000000080700000| PB 0x0000000080700000| Untracked 
|   8|0x0000000080800000, 0x0000000080900000, 0x0000000080900000|100%| O|  |TAMS 0x0000000080800000| PB 0x0000000080800000| Untracked 
|   9|0x0000000080900000, 0x0000000080a00000, 0x0000000080a00000|100%| O|  |TAMS 0x0000000080900000| PB 0x0000000080900000| Untracked 
|  10|0x0000000080a00000, 0x0000000080b00000, 0x0000000080b00000|100%| O|  |TAMS 0x0000000080a00000| PB 0x0000000080a00000| Untracked 
|  11|0x0000000080b00000, 0x0000000080c00000, 0x0000000080c00000|100%| O|  |TAMS 0x0000000080b00000| PB 0x0000000080b00000| Untracked 
|  12|0x0000000080c00000, 0x0000000080d00000, 0x0000000080d00000|100%| O|  |TAMS 0x0000000080c00000| PB 0x0000000080c00000| Untracked 
|  13|0x0000000080d00000, 0x0000000080e00000, 0x0000000080e00000|100%| O|  |TAMS 0x0000000080d00000| PB 0x0000000080d00000| Untracked 
|  14|0x0000000080e00000, 0x0000000080f00000, 0x0000000080f00000|100%| O|  |TAMS 0x0000000080e00000| PB 0x0000000080e00000| Untracked 
|  15|0x0000000080f00000, 0x0000000081000000, 0x0000000081000000|100%| O|  |TAMS 0x0000000080f00000| PB 0x0000000080f00000| Untracked 
|  16|0x0000000081000000, 0x0000000081100000, 0x0000000081100000|100%| O|  |TAMS 0x0000000081000000| PB 0x0000000081000000| Untracked 
|  17|0x0000000081100000, 0x0000000081200000, 0x0000000081200000|100%| O|  |TAMS 0x0000000081100000| PB 0x0000000081100000| Untracked 
|  18|0x0000000081200000, 0x0000000081300000, 0x0000000081300000|100%| O|  |TAMS 0x0000000081200000| PB 0x0000000081200000| Untracked 
|  19|0x0000000081300000, 0x0000000081400000, 0x0000000081400000|100%| O|  |TAMS 0x0000000081300000| PB 0x0000000081300000| Untracked 
|  20|0x0000000081400000, 0x0000000081500000, 0x0000000081500000|100%| O|  |TAMS 0x0000000081400000| PB 0x0000000081400000| Untracked 
|  21|0x0000000081500000, 0x0000000081600000, 0x0000000081600000|100%| O|  |TAMS 0x0000000081500000| PB 0x0000000081500000| Untracked 
|  22|0x0000000081600000, 0x0000000081700000, 0x0000000081700000|100%| O|  |TAMS 0x0000000081600000| PB 0x0000000081600000| Untracked 
|  23|0x0000000081700000, 0x0000000081800000, 0x0000000081800000|100%|HS|  |TAMS 0x0000000081700000| PB 0x0000000081700000| Complete 
|  24|0x0000000081800000, 0x0000000081900000, 0x0000000081900000|100%|HS|  |TAMS 0x0000000081800000| PB 0x0000000081800000| Complete 
|  25|0x0000000081900000, 0x0000000081a00000, 0x0000000081a00000|100%|HC|  |TAMS 0x0000000081900000| PB 0x0000000081900000| Complete 
|  26|0x0000000081a00000, 0x0000000081b00000, 0x0000000081b00000|100%|HC|  |TAMS 0x0000000081a00000| PB 0x0000000081a00000| Complete 
|  27|0x0000000081b00000, 0x0000000081c00000, 0x0000000081c00000|100%|HC|  |TAMS 0x0000000081b00000| PB 0x0000000081b00000| Complete 
|  28|0x0000000081c00000, 0x0000000081d00000, 0x0000000081d00000|100%|HC|  |TAMS 0x0000000081c00000| PB 0x0000000081c00000| Complete 
|  29|0x0000000081d00000, 0x0000000081e00000, 0x0000000081e00000|100%|HC|  |TAMS 0x0000000081d00000| PB 0x0000000081d00000| Complete 
|  30|0x0000000081e00000, 0x0000000081f00000, 0x0000000081f00000|100%|HS|  |TAMS 0x0000000081e00000| PB 0x0000000081e00000| Complete 
|  31|0x0000000081f00000, 0x0000000082000000, 0x0000000082000000|100%|HS|  |TAMS 0x0000000081f00000| PB 0x0000000081f00000| Complete 
|  32|0x0000000082000000, 0x0000000082100000, 0x0000000082100000|100%|HC|  |TAMS 0x0000000082000000| PB 0x0000000082000000| Complete 
|  33|0x0000000082100000, 0x0000000082200000, 0x0000000082200000|100%|HC|  |TAMS 0x0000000082100000| PB 0x0000000082100000| Complete 
|  34|0x0000000082200000, 0x0000000082300000, 0x0000000082300000|100%|HC|  |TAMS 0x0000000082200000| PB 0x0000000082200000| Complete 
|  35|0x0000000082300000, 0x0000000082400000, 0x0000000082400000|100%|HS|  |TAMS 0x0000000082300000| PB 0x0000000082300000| Complete 
|  36|0x0000000082400000, 0x0000000082500000, 0x0000000082500000|100%|HC|  |TAMS 0x0000000082400000| PB 0x0000000082400000| Complete 
|  37|0x0000000082500000, 0x0000000082600000, 0x0000000082600000|100%|HS|  |TAMS 0x0000000082500000| PB 0x0000000082500000| Complete 
|  38|0x0000000082600000, 0x0000000082700000, 0x0000000082700000|100%|HS|  |TAMS 0x0000000082600000| PB 0x0000000082600000| Complete 
|  39|0x0000000082700000, 0x0000000082800000, 0x0000000082800000|100%|HC|  |TAMS 0x0000000082700000| PB 0x0000000082700000| Complete 
|  40|0x0000000082800000, 0x0000000082900000, 0x0000000082900000|100%|HC|  |TAMS 0x0000000082800000| PB 0x0000000082800000| Complete 
|  41|0x0000000082900000, 0x0000000082a00000, 0x0000000082a00000|100%|HC|  |TAMS 0x0000000082900000| PB 0x0000000082900000| Complete 
|  42|0x0000000082a00000, 0x0000000082b00000, 0x0000000082b00000|100%|HC|  |TAMS 0x0000000082a00000| PB 0x0000000082a00000| Complete 
|  43|0x0000000082b00000, 0x0000000082c00000, 0x0000000082c00000|100%|HC|  |TAMS 0x0000000082b00000| PB 0x0000000082b00000| Complete 
|  44|0x0000000082c00000, 0x0000000082d00000, 0x0000000082d00000|100%|HS|  |TAMS 0x0000000082c00000| PB 0x0000000082c00000| Complete 
|  45|0x0000000082d00000, 0x0000000082e00000, 0x0000000082e00000|100%|HS|  |TAMS 0x0000000082d00000| PB 0x0000000082d00000| Complete 
|  46|0x0000000082e00000, 0x0000000082f00000, 0x0000000082f00000|100%|HC|  |TAMS 0x0000000082e00000| PB 0x0000000082e00000| Complete 
|  47|0x0000000082f00000, 0x0000000083000000, 0x0000000083000000|100%|HC|  |TAMS 0x0000000082f00000| PB 0x0000000082f00000| Complete 
|  48|0x0000000083000000, 0x0000000083100000, 0x0000000083100000|100%|HC|  |TAMS 0x0000000083000000| PB 0x0000000083000000| Complete 
|  49|0x0000000083100000, 0x0000000083200000, 0x0000000083200000|100%| O|  |TAMS 0x0000000083100000| PB 0x0000000083100000| Untracked 
|  50|0x0000000083200000, 0x0000000083300000, 0x0000000083300000|100%| O|  |TAMS 0x0000000083200000| PB 0x0000000083200000| Untracked 
|  51|0x0000000083300000, 0x0000000083400000, 0x0000000083400000|100%|HS|  |TAMS 0x0000000083300000| PB 0x0000000083300000| Complete 
|  52|0x0000000083400000, 0x0000000083500000, 0x0000000083500000|100%|HC|  |TAMS 0x0000000083400000| PB 0x0000000083400000| Complete 
|  53|0x0000000083500000, 0x0000000083600000, 0x0000000083600000|100%|HS|  |TAMS 0x0000000083500000| PB 0x0000000083500000| Complete 
|  54|0x0000000083600000, 0x0000000083700000, 0x0000000083700000|100%| O|  |TAMS 0x0000000083600000| PB 0x0000000083600000| Untracked 
|  55|0x0000000083700000, 0x0000000083800000, 0x0000000083800000|100%| O|  |TAMS 0x0000000083700000| PB 0x0000000083700000| Untracked 
|  56|0x0000000083800000, 0x0000000083900000, 0x0000000083900000|100%| O|  |TAMS 0x0000000083800000| PB 0x0000000083800000| Untracked 
|  57|0x0000000083900000, 0x0000000083a00000, 0x0000000083a00000|100%| O|  |TAMS 0x0000000083900000| PB 0x0000000083900000| Untracked 
|  58|0x0000000083a00000, 0x0000000083b00000, 0x0000000083b00000|100%| O|  |TAMS 0x0000000083a00000| PB 0x0000000083a00000| Untracked 
|  59|0x0000000083b00000, 0x0000000083c00000, 0x0000000083c00000|100%| O|  |TAMS 0x0000000083b00000| PB 0x0000000083b00000| Untracked 
|  60|0x0000000083c00000, 0x0000000083d00000, 0x0000000083d00000|100%| O|  |TAMS 0x0000000083c00000| PB 0x0000000083c00000| Untracked 
|  61|0x0000000083d00000, 0x0000000083e00000, 0x0000000083e00000|100%| O|  |TAMS 0x0000000083d00000| PB 0x0000000083d00000| Untracked 
|  62|0x0000000083e00000, 0x0000000083f00000, 0x0000000083f00000|100%| O|  |TAMS 0x0000000083e00000| PB 0x0000000083e00000| Untracked 
|  63|0x0000000083f00000, 0x0000000084000000, 0x0000000084000000|100%| O|  |TAMS 0x0000000083f00000| PB 0x0000000083f00000| Untracked 
|  64|0x0000000084000000, 0x0000000084100000, 0x0000000084100000|100%| O|  |TAMS 0x0000000084000000| PB 0x0000000084000000| Untracked 
|  65|0x0000000084100000, 0x0000000084200000, 0x0000000084200000|100%| O|  |TAMS 0x0000000084100000| PB 0x0000000084100000| Untracked 
|  66|0x0000000084200000, 0x0000000084300000, 0x0000000084300000|100%| O|  |TAMS 0x0000000084200000| PB 0x0000000084200000| Untracked 
|  67|0x0000000084300000, 0x0000000084400000, 0x0000000084400000|100%|HS|  |TAMS 0x0000000084300000| PB 0x0000000084300000| Complete 
|  68|0x0000000084400000, 0x0000000084500000, 0x0000000084500000|100%|HC|  |TAMS 0x0000000084400000| PB 0x0000000084400000| Complete 
|  69|0x0000000084500000, 0x0000000084600000, 0x0000000084600000|100%|HS|  |TAMS 0x0000000084500000| PB 0x0000000084500000| Complete 
|  70|0x0000000084600000, 0x0000000084700000, 0x0000000084700000|100%|HC|  |TAMS 0x0000000084600000| PB 0x0000000084600000| Complete 
|  71|0x0000000084700000, 0x0000000084800000, 0x0000000084800000|100%|HC|  |TAMS 0x0000000084700000| PB 0x0000000084700000| Complete 
|  72|0x0000000084800000, 0x0000000084900000, 0x0000000084900000|100%|HC|  |TAMS 0x0000000084800000| PB 0x0000000084800000| Complete 
|  73|0x0000000084900000, 0x0000000084a00000, 0x0000000084a00000|100%|HC|  |TAMS 0x0000000084900000| PB 0x0000000084900000| Complete 
|  74|0x0000000084a00000, 0x0000000084b00000, 0x0000000084b00000|100%|HC|  |TAMS 0x0000000084a00000| PB 0x0000000084a00000| Complete 
|  75|0x0000000084b00000, 0x0000000084c00000, 0x0000000084c00000|100%|HS|  |TAMS 0x0000000084b00000| PB 0x0000000084b00000| Complete 
|  76|0x0000000084c00000, 0x0000000084d00000, 0x0000000084d00000|100%|HS|  |TAMS 0x0000000084c00000| PB 0x0000000084c00000| Complete 
|  77|0x0000000084d00000, 0x0000000084e00000, 0x0000000084e00000|100%|HC|  |TAMS 0x0000000084d00000| PB 0x0000000084d00000| Complete 
|  78|0x0000000084e00000, 0x0000000084f00000, 0x0000000084f00000|100%|HC|  |TAMS 0x0000000084e00000| PB 0x0000000084e00000| Complete 
|  79|0x0000000084f00000, 0x0000000085000000, 0x0000000085000000|100%|HC|  |TAMS 0x0000000084f00000| PB 0x0000000084f00000| Complete 
|  80|0x0000000085000000, 0x0000000085100000, 0x0000000085100000|100%|HC|  |TAMS 0x0000000085000000| PB 0x0000000085000000| Complete 
|  81|0x0000000085100000, 0x0000000085200000, 0x0000000085200000|100%|HC|  |TAMS 0x0000000085100000| PB 0x0000000085100000| Complete 
|  82|0x0000000085200000, 0x0000000085300000, 0x0000000085300000|100%|HS|  |TAMS 0x0000000085200000| PB 0x0000000085200000| Complete 
|  83|0x0000000085300000, 0x0000000085400000, 0x0000000085400000|100%| O|  |TAMS 0x0000000085300000| PB 0x0000000085300000| Untracked 
|  84|0x0000000085400000, 0x0000000085500000, 0x0000000085500000|100%| O|  |TAMS 0x0000000085400000| PB 0x0000000085400000| Untracked 
|  85|0x0000000085500000, 0x0000000085600000, 0x0000000085600000|100%| O|  |TAMS 0x0000000085500000| PB 0x0000000085500000| Untracked 
|  86|0x0000000085600000, 0x0000000085700000, 0x0000000085700000|100%| O|  |TAMS 0x0000000085600000| PB 0x0000000085600000| Untracked 
|  87|0x0000000085700000, 0x0000000085800000, 0x0000000085800000|100%| O|  |TAMS 0x0000000085700000| PB 0x0000000085700000| Untracked 
|  88|0x0000000085800000, 0x0000000085900000, 0x0000000085900000|100%| O|  |TAMS 0x0000000085800000| PB 0x0000000085800000| Untracked 
|  89|0x0000000085900000, 0x0000000085a00000, 0x0000000085a00000|100%| O|  |TAMS 0x0000000085900000| PB 0x0000000085900000| Untracked 
|  90|0x0000000085a00000, 0x0000000085b00000, 0x0000000085b00000|100%|HS|  |TAMS 0x0000000085a00000| PB 0x0000000085a00000| Complete 
|  91|0x0000000085b00000, 0x0000000085c00000, 0x0000000085c00000|100%|HC|  |TAMS 0x0000000085b00000| PB 0x0000000085b00000| Complete 
|  92|0x0000000085c00000, 0x0000000085d00000, 0x0000000085d00000|100%|HC|  |TAMS 0x0000000085c00000| PB 0x0000000085c00000| Complete 
|  93|0x0000000085d00000, 0x0000000085e00000, 0x0000000085e00000|100%|HC|  |TAMS 0x0000000085d00000| PB 0x0000000085d00000| Complete 
|  94|0x0000000085e00000, 0x0000000085f00000, 0x0000000085f00000|100%|HC|  |TAMS 0x0000000085e00000| PB 0x0000000085e00000| Complete 
|  95|0x0000000085f00000, 0x0000000086000000, 0x0000000086000000|100%|HC|  |TAMS 0x0000000085f00000| PB 0x0000000085f00000| Complete 
|  96|0x0000000086000000, 0x0000000086100000, 0x0000000086100000|100%| O|  |TAMS 0x0000000086000000| PB 0x0000000086000000| Untracked 
|  97|0x0000000086100000, 0x0000000086200000, 0x0000000086200000|100%| O|  |TAMS 0x0000000086100000| PB 0x0000000086100000| Untracked 
|  98|0x0000000086200000, 0x0000000086300000, 0x0000000086300000|100%| O|  |TAMS 0x0000000086200000| PB 0x0000000086200000| Untracked 
|  99|0x0000000086300000, 0x0000000086400000, 0x0000000086400000|100%| O|  |TAMS 0x0000000086300000| PB 0x0000000086300000| Untracked 
| 100|0x0000000086400000, 0x0000000086500000, 0x0000000086500000|100%| O|  |TAMS 0x0000000086400000| PB 0x0000000086400000| Untracked 
| 101|0x0000000086500000, 0x0000000086600000, 0x0000000086600000|100%| O|  |TAMS 0x0000000086500000| PB 0x0000000086500000| Untracked 
| 102|0x0000000086600000, 0x0000000086700000, 0x0000000086700000|100%| O|  |TAMS 0x0000000086600000| PB 0x0000000086600000| Untracked 
| 103|0x0000000086700000, 0x0000000086800000, 0x0000000086800000|100%| O|  |TAMS 0x0000000086700000| PB 0x0000000086700000| Untracked 
| 104|0x0000000086800000, 0x0000000086900000, 0x0000000086900000|100%| O|  |TAMS 0x0000000086800000| PB 0x0000000086800000| Untracked 
| 105|0x0000000086900000, 0x0000000086a00000, 0x0000000086a00000|100%| O|  |TAMS 0x0000000086900000| PB 0x0000000086900000| Untracked 
| 106|0x0000000086a00000, 0x0000000086b00000, 0x0000000086b00000|100%| O|  |TAMS 0x0000000086a00000| PB 0x0000000086a00000| Untracked 
| 107|0x0000000086b00000, 0x0000000086c00000, 0x0000000086c00000|100%| O|  |TAMS 0x0000000086b00000| PB 0x0000000086b00000| Untracked 
| 108|0x0000000086c00000, 0x0000000086d00000, 0x0000000086d00000|100%| O|  |TAMS 0x0000000086c00000| PB 0x0000000086c00000| Untracked 
| 109|0x0000000086d00000, 0x0000000086e00000, 0x0000000086e00000|100%| O|  |TAMS 0x0000000086d00000| PB 0x0000000086d00000| Untracked 
| 110|0x0000000086e00000, 0x0000000086f00000, 0x0000000086f00000|100%| O|CS|TAMS 0x0000000086e00000| PB 0x0000000086e00000| Complete 
| 111|0x0000000086f00000, 0x0000000087000000, 0x0000000087000000|100%| O|  |TAMS 0x0000000086f00000| PB 0x0000000086f00000| Untracked 
| 112|0x0000000087000000, 0x0000000087100000, 0x0000000087100000|100%| O|  |TAMS 0x0000000087000000| PB 0x0000000087000000| Untracked 
| 113|0x0000000087100000, 0x0000000087200000, 0x0000000087200000|100%| O|  |TAMS 0x0000000087100000| PB 0x0000000087100000| Untracked 
| 114|0x0000000087200000, 0x0000000087300000, 0x0000000087300000|100%| O|  |TAMS 0x0000000087200000| PB 0x0000000087200000| Untracked 
| 115|0x0000000087300000, 0x0000000087400000, 0x0000000087400000|100%| O|CS|TAMS 0x0000000087300000| PB 0x0000000087300000| Complete 
| 116|0x0000000087400000, 0x0000000087500000, 0x0000000087500000|100%| O|  |TAMS 0x0000000087400000| PB 0x0000000087400000| Untracked 
| 117|0x0000000087500000, 0x0000000087600000, 0x0000000087600000|100%| O|  |TAMS 0x0000000087500000| PB 0x0000000087500000| Untracked 
| 118|0x0000000087600000, 0x0000000087700000, 0x0000000087700000|100%| O|  |TAMS 0x0000000087600000| PB 0x0000000087600000| Untracked 
| 119|0x0000000087700000, 0x0000000087800000, 0x0000000087800000|100%| O|  |TAMS 0x0000000087700000| PB 0x0000000087700000| Untracked 
| 120|0x0000000087800000, 0x0000000087900000, 0x0000000087900000|100%| O|  |TAMS 0x0000000087800000| PB 0x0000000087800000| Untracked 
| 121|0x0000000087900000, 0x0000000087a00000, 0x0000000087a00000|100%| O|  |TAMS 0x0000000087900000| PB 0x0000000087900000| Untracked 
| 122|0x0000000087a00000, 0x0000000087b00000, 0x0000000087b00000|100%| O|  |TAMS 0x0000000087a00000| PB 0x0000000087a00000| Untracked 
| 123|0x0000000087b00000, 0x0000000087c00000, 0x0000000087c00000|100%| O|  |TAMS 0x0000000087b00000| PB 0x0000000087b00000| Untracked 
| 124|0x0000000087c00000, 0x0000000087d00000, 0x0000000087d00000|100%| O|  |TAMS 0x0000000087c00000| PB 0x0000000087c00000| Untracked 
| 125|0x0000000087d00000, 0x0000000087e00000, 0x0000000087e00000|100%| O|  |TAMS 0x0000000087d00000| PB 0x0000000087d00000| Untracked 
| 126|0x0000000087e00000, 0x0000000087f00000, 0x0000000087f00000|100%| O|  |TAMS 0x0000000087e00000| PB 0x0000000087e00000| Untracked 
| 127|0x0000000087f00000, 0x0000000088000000, 0x0000000088000000|100%| O|  |TAMS 0x0000000087f00000| PB 0x0000000087f00000| Untracked 
| 128|0x0000000088000000, 0x0000000088100000, 0x0000000088100000|100%| O|  |TAMS 0x0000000088000000| PB 0x0000000088000000| Untracked 
| 129|0x0000000088100000, 0x0000000088200000, 0x0000000088200000|100%| O|  |TAMS 0x0000000088100000| PB 0x0000000088100000| Untracked 
| 130|0x0000000088200000, 0x0000000088300000, 0x0000000088300000|100%| O|  |TAMS 0x0000000088200000| PB 0x0000000088200000| Untracked 
| 131|0x0000000088300000, 0x0000000088400000, 0x0000000088400000|100%| O|  |TAMS 0x0000000088300000| PB 0x0000000088300000| Untracked 
| 132|0x0000000088400000, 0x0000000088500000, 0x0000000088500000|100%| O|  |TAMS 0x0000000088400000| PB 0x0000000088400000| Untracked 
| 133|0x0000000088500000, 0x0000000088600000, 0x0000000088600000|100%| O|  |TAMS 0x0000000088500000| PB 0x0000000088500000| Untracked 
| 134|0x0000000088600000, 0x0000000088700000, 0x0000000088700000|100%| O|  |TAMS 0x0000000088600000| PB 0x0000000088600000| Untracked 
| 135|0x0000000088700000, 0x0000000088800000, 0x0000000088800000|100%| O|  |TAMS 0x0000000088700000| PB 0x0000000088700000| Untracked 
| 136|0x0000000088800000, 0x0000000088900000, 0x0000000088900000|100%| O|  |TAMS 0x0000000088800000| PB 0x0000000088800000| Untracked 
| 137|0x0000000088900000, 0x0000000088a00000, 0x0000000088a00000|100%| O|  |TAMS 0x0000000088900000| PB 0x0000000088900000| Untracked 
| 138|0x0000000088a00000, 0x0000000088b00000, 0x0000000088b00000|100%| O|  |TAMS 0x0000000088a00000| PB 0x0000000088a00000| Untracked 
| 139|0x0000000088b00000, 0x0000000088c00000, 0x0000000088c00000|100%| O|  |TAMS 0x0000000088b00000| PB 0x0000000088b00000| Untracked 
| 140|0x0000000088c00000, 0x0000000088d00000, 0x0000000088d00000|100%| O|  |TAMS 0x0000000088c00000| PB 0x0000000088c00000| Untracked 
| 141|0x0000000088d00000, 0x0000000088e00000, 0x0000000088e00000|100%| O|  |TAMS 0x0000000088d00000| PB 0x0000000088d00000| Untracked 
| 142|0x0000000088e00000, 0x0000000088f00000, 0x0000000088f00000|100%| O|  |TAMS 0x0000000088e00000| PB 0x0000000088e00000| Untracked 
| 143|0x0000000088f00000, 0x0000000089000000, 0x0000000089000000|100%| O|  |TAMS 0x0000000088f00000| PB 0x0000000088f00000| Untracked 
| 144|0x0000000089000000, 0x0000000089100000, 0x0000000089100000|100%| O|  |TAMS 0x0000000089000000| PB 0x0000000089000000| Untracked 
| 145|0x0000000089100000, 0x0000000089200000, 0x0000000089200000|100%| O|  |TAMS 0x0000000089100000| PB 0x0000000089100000| Untracked 
| 146|0x0000000089200000, 0x0000000089300000, 0x0000000089300000|100%| O|  |TAMS 0x0000000089200000| PB 0x0000000089200000| Untracked 
| 147|0x0000000089300000, 0x0000000089300000, 0x0000000089400000|  0%| F|  |TAMS 0x0000000089300000| PB 0x0000000089300000| Untracked 
| 148|0x0000000089400000, 0x0000000089400000, 0x0000000089500000|  0%| F|  |TAMS 0x0000000089400000| PB 0x0000000089400000| Untracked 
| 149|0x0000000089500000, 0x0000000089500000, 0x0000000089600000|  0%| F|  |TAMS 0x0000000089500000| PB 0x0000000089500000| Untracked 
| 150|0x0000000089600000, 0x0000000089600000, 0x0000000089700000|  0%| F|  |TAMS 0x0000000089600000| PB 0x0000000089600000| Untracked 
| 151|0x0000000089700000, 0x0000000089700000, 0x0000000089800000|  0%| F|  |TAMS 0x0000000089700000| PB 0x0000000089700000| Untracked 
| 152|0x0000000089800000, 0x0000000089800000, 0x0000000089900000|  0%| F|  |TAMS 0x0000000089800000| PB 0x0000000089800000| Untracked 
| 153|0x0000000089900000, 0x0000000089900000, 0x0000000089a00000|  0%| F|  |TAMS 0x0000000089900000| PB 0x0000000089900000| Untracked 
| 154|0x0000000089a00000, 0x0000000089a00000, 0x0000000089b00000|  0%| F|  |TAMS 0x0000000089a00000| PB 0x0000000089a00000| Untracked 
| 155|0x0000000089b00000, 0x0000000089b00000, 0x0000000089c00000|  0%| F|  |TAMS 0x0000000089b00000| PB 0x0000000089b00000| Untracked 
| 156|0x0000000089c00000, 0x0000000089c00000, 0x0000000089d00000|  0%| F|  |TAMS 0x0000000089c00000| PB 0x0000000089c00000| Untracked 
| 157|0x0000000089d00000, 0x0000000089d00000, 0x0000000089e00000|  0%| F|  |TAMS 0x0000000089d00000| PB 0x0000000089d00000| Untracked 
| 158|0x0000000089e00000, 0x0000000089e00000, 0x0000000089f00000|  0%| F|  |TAMS 0x0000000089e00000| PB 0x0000000089e00000| Untracked 
| 159|0x0000000089f00000, 0x0000000089f00000, 0x000000008a000000|  0%| F|  |TAMS 0x0000000089f00000| PB 0x0000000089f00000| Untracked 
| 160|0x000000008a000000, 0x000000008a000000, 0x000000008a100000|  0%| F|  |TAMS 0x000000008a000000| PB 0x000000008a000000| Untracked 
| 161|0x000000008a100000, 0x000000008a100000, 0x000000008a200000|  0%| F|  |TAMS 0x000000008a100000| PB 0x000000008a100000| Untracked 
| 162|0x000000008a200000, 0x000000008a200000, 0x000000008a300000|  0%| F|  |TAMS 0x000000008a200000| PB 0x000000008a200000| Untracked 
| 163|0x000000008a300000, 0x000000008a400000, 0x000000008a400000|100%| S|  |TAMS 0x000000008a300000| PB 0x000000008a300000| Complete 
| 164|0x000000008a400000, 0x000000008a500000, 0x000000008a500000|100%| S|  |TAMS 0x000000008a400000| PB 0x000000008a400000| Complete 
| 165|0x000000008a500000, 0x000000008a600000, 0x000000008a600000|100%| S|  |TAMS 0x000000008a500000| PB 0x000000008a500000| Complete 
| 166|0x000000008a600000, 0x000000008a700000, 0x000000008a700000|100%| E|CS|TAMS 0x000000008a600000| PB 0x000000008a600000| Complete 
| 167|0x000000008a700000, 0x000000008a800000, 0x000000008a800000|100%| E|CS|TAMS 0x000000008a700000| PB 0x000000008a700000| Complete 
| 168|0x000000008a800000, 0x000000008a900000, 0x000000008a900000|100%| E|CS|TAMS 0x000000008a800000| PB 0x000000008a800000| Complete 
| 169|0x000000008a900000, 0x000000008aa00000, 0x000000008aa00000|100%| E|CS|TAMS 0x000000008a900000| PB 0x000000008a900000| Complete 
| 170|0x000000008aa00000, 0x000000008ab00000, 0x000000008ab00000|100%| E|CS|TAMS 0x000000008aa00000| PB 0x000000008aa00000| Complete 
| 171|0x000000008ab00000, 0x000000008ac00000, 0x000000008ac00000|100%| E|CS|TAMS 0x000000008ab00000| PB 0x000000008ab00000| Complete 
| 172|0x000000008ac00000, 0x000000008ad00000, 0x000000008ad00000|100%| E|CS|TAMS 0x000000008ac00000| PB 0x000000008ac00000| Complete 
| 173|0x000000008ad00000, 0x000000008ae00000, 0x000000008ae00000|100%| E|CS|TAMS 0x000000008ad00000| PB 0x000000008ad00000| Complete 
| 174|0x000000008ae00000, 0x000000008af00000, 0x000000008af00000|100%| E|CS|TAMS 0x000000008ae00000| PB 0x000000008ae00000| Complete 
| 175|0x000000008af00000, 0x000000008b000000, 0x000000008b000000|100%| E|CS|TAMS 0x000000008af00000| PB 0x000000008af00000| Complete 
| 176|0x000000008b000000, 0x000000008b100000, 0x000000008b100000|100%| E|CS|TAMS 0x000000008b000000| PB 0x000000008b000000| Complete 
| 177|0x000000008b100000, 0x000000008b1cbfc0, 0x000000008b200000| 79%| E|CS|TAMS 0x000000008b100000| PB 0x000000008b100000| Complete 
| 178|0x000000008b200000, 0x000000008b300000, 0x000000008b300000|100%| E|CS|TAMS 0x000000008b200000| PB 0x000000008b200000| Complete 
| 179|0x000000008b300000, 0x000000008b400000, 0x000000008b400000|100%| E|CS|TAMS 0x000000008b300000| PB 0x000000008b300000| Complete 
| 180|0x000000008b400000, 0x000000008b500000, 0x000000008b500000|100%| E|CS|TAMS 0x000000008b400000| PB 0x000000008b400000| Complete 
| 181|0x000000008b500000, 0x000000008b600000, 0x000000008b600000|100%| E|CS|TAMS 0x000000008b500000| PB 0x000000008b500000| Complete 
| 182|0x000000008b600000, 0x000000008b700000, 0x000000008b700000|100%| E|CS|TAMS 0x000000008b600000| PB 0x000000008b600000| Complete 
| 183|0x000000008b700000, 0x000000008b800000, 0x000000008b800000|100%| E|CS|TAMS 0x000000008b700000| PB 0x000000008b700000| Complete 
| 184|0x000000008b800000, 0x000000008b900000, 0x000000008b900000|100%| E|CS|TAMS 0x000000008b800000| PB 0x000000008b800000| Complete 
| 185|0x000000008b900000, 0x000000008ba00000, 0x000000008ba00000|100%| E|CS|TAMS 0x000000008b900000| PB 0x000000008b900000| Complete 
| 186|0x000000008ba00000, 0x000000008bb00000, 0x000000008bb00000|100%| E|CS|TAMS 0x000000008ba00000| PB 0x000000008ba00000| Complete 
| 187|0x000000008bb00000, 0x000000008bc00000, 0x000000008bc00000|100%| E|CS|TAMS 0x000000008bb00000| PB 0x000000008bb00000| Complete 
| 188|0x000000008bc00000, 0x000000008bd00000, 0x000000008bd00000|100%| E|CS|TAMS 0x000000008bc00000| PB 0x000000008bc00000| Complete 
| 189|0x000000008bd00000, 0x000000008be00000, 0x000000008be00000|100%| E|CS|TAMS 0x000000008bd00000| PB 0x000000008bd00000| Complete 
| 190|0x000000008be00000, 0x000000008bf00000, 0x000000008bf00000|100%| E|CS|TAMS 0x000000008be00000| PB 0x000000008be00000| Complete 
| 191|0x000000008bf00000, 0x000000008c000000, 0x000000008c000000|100%| E|CS|TAMS 0x000000008bf00000| PB 0x000000008bf00000| Complete 
| 192|0x000000008c000000, 0x000000008c100000, 0x000000008c100000|100%| E|CS|TAMS 0x000000008c000000| PB 0x000000008c000000| Complete 
| 193|0x000000008c100000, 0x000000008c200000, 0x000000008c200000|100%| E|CS|TAMS 0x000000008c100000| PB 0x000000008c100000| Complete 
| 194|0x000000008c200000, 0x000000008c300000, 0x000000008c300000|100%| E|CS|TAMS 0x000000008c200000| PB 0x000000008c200000| Complete 
| 195|0x000000008c300000, 0x000000008c400000, 0x000000008c400000|100%| E|CS|TAMS 0x000000008c300000| PB 0x000000008c300000| Complete 
| 196|0x000000008c400000, 0x000000008c500000, 0x000000008c500000|100%| E|CS|TAMS 0x000000008c400000| PB 0x000000008c400000| Complete 
| 197|0x000000008c500000, 0x000000008c600000, 0x000000008c600000|100%| E|CS|TAMS 0x000000008c500000| PB 0x000000008c500000| Complete 
| 198|0x000000008c600000, 0x000000008c700000, 0x000000008c700000|100%| E|CS|TAMS 0x000000008c600000| PB 0x000000008c600000| Complete 
| 199|0x000000008c700000, 0x000000008c800000, 0x000000008c800000|100%| E|CS|TAMS 0x000000008c700000| PB 0x000000008c700000| Complete 
| 200|0x000000008c800000, 0x000000008c900000, 0x000000008c900000|100%| E|CS|TAMS 0x000000008c800000| PB 0x000000008c800000| Complete 
| 201|0x000000008c900000, 0x000000008ca00000, 0x000000008ca00000|100%| E|CS|TAMS 0x000000008c900000| PB 0x000000008c900000| Complete 
| 202|0x000000008ca00000, 0x000000008cb00000, 0x000000008cb00000|100%| E|CS|TAMS 0x000000008ca00000| PB 0x000000008ca00000| Complete 
| 203|0x000000008cb00000, 0x000000008cc00000, 0x000000008cc00000|100%| E|CS|TAMS 0x000000008cb00000| PB 0x000000008cb00000| Complete 
| 204|0x000000008cc00000, 0x000000008cd00000, 0x000000008cd00000|100%| E|CS|TAMS 0x000000008cc00000| PB 0x000000008cc00000| Complete 
| 205|0x000000008cd00000, 0x000000008ce00000, 0x000000008ce00000|100%| E|CS|TAMS 0x000000008cd00000| PB 0x000000008cd00000| Complete 
| 206|0x000000008ce00000, 0x000000008cf00000, 0x000000008cf00000|100%| E|CS|TAMS 0x000000008ce00000| PB 0x000000008ce00000| Complete 
| 207|0x000000008cf00000, 0x000000008d000000, 0x000000008d000000|100%| E|CS|TAMS 0x000000008cf00000| PB 0x000000008cf00000| Complete 
| 208|0x000000008d000000, 0x000000008d100000, 0x000000008d100000|100%| E|CS|TAMS 0x000000008d000000| PB 0x000000008d000000| Complete 
| 209|0x000000008d100000, 0x000000008d200000, 0x000000008d200000|100%| E|CS|TAMS 0x000000008d100000| PB 0x000000008d100000| Complete 
| 210|0x000000008d200000, 0x000000008d300000, 0x000000008d300000|100%| E|CS|TAMS 0x000000008d200000| PB 0x000000008d200000| Complete 
| 211|0x000000008d300000, 0x000000008d400000, 0x000000008d400000|100%| E|CS|TAMS 0x000000008d300000| PB 0x000000008d300000| Complete 
| 212|0x000000008d400000, 0x000000008d500000, 0x000000008d500000|100%| E|CS|TAMS 0x000000008d400000| PB 0x000000008d400000| Complete 
| 213|0x000000008d500000, 0x000000008d600000, 0x000000008d600000|100%| E|CS|TAMS 0x000000008d500000| PB 0x000000008d500000| Complete 
| 214|0x000000008d600000, 0x000000008d700000, 0x000000008d700000|100%| E|CS|TAMS 0x000000008d600000| PB 0x000000008d600000| Complete 
| 215|0x000000008d700000, 0x000000008d800000, 0x000000008d800000|100%| E|CS|TAMS 0x000000008d700000| PB 0x000000008d700000| Complete 
| 216|0x000000008d800000, 0x000000008d900000, 0x000000008d900000|100%| E|CS|TAMS 0x000000008d800000| PB 0x000000008d800000| Complete 
| 217|0x000000008d900000, 0x000000008da00000, 0x000000008da00000|100%| E|CS|TAMS 0x000000008d900000| PB 0x000000008d900000| Complete 
| 218|0x000000008da00000, 0x000000008db00000, 0x000000008db00000|100%| E|CS|TAMS 0x000000008da00000| PB 0x000000008da00000| Complete 
| 219|0x000000008db00000, 0x000000008dc00000, 0x000000008dc00000|100%| E|CS|TAMS 0x000000008db00000| PB 0x000000008db00000| Complete 
| 220|0x000000008dc00000, 0x000000008dd00000, 0x000000008dd00000|100%| E|CS|TAMS 0x000000008dc00000| PB 0x000000008dc00000| Complete 
| 221|0x000000008dd00000, 0x000000008de00000, 0x000000008de00000|100%| E|CS|TAMS 0x000000008dd00000| PB 0x000000008dd00000| Complete 
| 222|0x000000008de00000, 0x000000008df00000, 0x000000008df00000|100%| E|CS|TAMS 0x000000008de00000| PB 0x000000008de00000| Complete 
| 223|0x000000008df00000, 0x000000008e000000, 0x000000008e000000|100%| E|CS|TAMS 0x000000008df00000| PB 0x000000008df00000| Complete 
| 224|0x000000008e000000, 0x000000008e100000, 0x000000008e100000|100%| E|CS|TAMS 0x000000008e000000| PB 0x000000008e000000| Complete 
| 225|0x000000008e100000, 0x000000008e200000, 0x000000008e200000|100%| E|CS|TAMS 0x000000008e100000| PB 0x000000008e100000| Complete 
| 226|0x000000008e200000, 0x000000008e300000, 0x000000008e300000|100%| E|CS|TAMS 0x000000008e200000| PB 0x000000008e200000| Complete 
| 227|0x000000008e300000, 0x000000008e400000, 0x000000008e400000|100%| E|CS|TAMS 0x000000008e300000| PB 0x000000008e300000| Complete 
| 228|0x000000008e400000, 0x000000008e500000, 0x000000008e500000|100%| E|CS|TAMS 0x000000008e400000| PB 0x000000008e400000| Complete 
| 229|0x000000008e500000, 0x000000008e600000, 0x000000008e600000|100%| E|CS|TAMS 0x000000008e500000| PB 0x000000008e500000| Complete 
| 230|0x000000008e600000, 0x000000008e700000, 0x000000008e700000|100%| E|CS|TAMS 0x000000008e600000| PB 0x000000008e600000| Complete 
| 231|0x000000008e700000, 0x000000008e800000, 0x000000008e800000|100%| E|CS|TAMS 0x000000008e700000| PB 0x000000008e700000| Complete 
| 232|0x000000008e800000, 0x000000008e900000, 0x000000008e900000|100%| E|CS|TAMS 0x000000008e800000| PB 0x000000008e800000| Complete 
| 233|0x000000008e900000, 0x000000008ea00000, 0x000000008ea00000|100%| E|CS|TAMS 0x000000008e900000| PB 0x000000008e900000| Complete 
| 234|0x000000008ea00000, 0x000000008eb00000, 0x000000008eb00000|100%| E|CS|TAMS 0x000000008ea00000| PB 0x000000008ea00000| Complete 
| 235|0x000000008eb00000, 0x000000008ec00000, 0x000000008ec00000|100%| E|CS|TAMS 0x000000008eb00000| PB 0x000000008eb00000| Complete 
| 236|0x000000008ec00000, 0x000000008ed00000, 0x000000008ed00000|100%| E|CS|TAMS 0x000000008ec00000| PB 0x000000008ec00000| Complete 
| 237|0x000000008ed00000, 0x000000008ee00000, 0x000000008ee00000|100%| E|CS|TAMS 0x000000008ed00000| PB 0x000000008ed00000| Complete 
| 238|0x000000008ee00000, 0x000000008ef00000, 0x000000008ef00000|100%| E|CS|TAMS 0x000000008ee00000| PB 0x000000008ee00000| Complete 
| 239|0x000000008ef00000, 0x000000008f000000, 0x000000008f000000|100%| E|CS|TAMS 0x000000008ef00000| PB 0x000000008ef00000| Complete 
| 240|0x000000008f000000, 0x000000008f100000, 0x000000008f100000|100%| E|CS|TAMS 0x000000008f000000| PB 0x000000008f000000| Complete 
| 241|0x000000008f100000, 0x000000008f200000, 0x000000008f200000|100%| E|CS|TAMS 0x000000008f100000| PB 0x000000008f100000| Complete 
| 242|0x000000008f200000, 0x000000008f300000, 0x000000008f300000|100%| E|CS|TAMS 0x000000008f200000| PB 0x000000008f200000| Complete 
| 243|0x000000008f300000, 0x000000008f400000, 0x000000008f400000|100%| E|CS|TAMS 0x000000008f300000| PB 0x000000008f300000| Complete 
|2042|0x00000000ffa00000, 0x00000000ffb00000, 0x00000000ffb00000|100%| O|  |TAMS 0x00000000ffa00000| PB 0x00000000ffa00000| Untracked 
|2043|0x00000000ffb00000, 0x00000000ffc00000, 0x00000000ffc00000|100%| O|  |TAMS 0x00000000ffb00000| PB 0x00000000ffb00000| Untracked 
|2044|0x00000000ffc00000, 0x00000000ffd00000, 0x00000000ffd00000|100%| O|CS|TAMS 0x00000000ffc00000| PB 0x00000000ffc00000| Complete 
|2045|0x00000000ffd00000, 0x00000000ffe00000, 0x00000000ffe00000|100%| O|  |TAMS 0x00000000ffd00000| PB 0x00000000ffd00000| Untracked 
|2046|0x00000000ffe00000, 0x00000000fff00000, 0x00000000fff00000|100%| E|CS|TAMS 0x00000000ffe00000| PB 0x00000000ffe00000| Complete 
|2047|0x00000000fff00000, 0x0000000100000000, 0x0000000100000000|100%| O|  |TAMS 0x00000000fff00000| PB 0x00000000fff00000| Untracked 

Card table byte_map: [0x00000209bfd10000,0x00000209c0110000] _byte_map_base: 0x00000209bf910000

Marking Bits: (CMBitMap*) 0x00000209ad4d8430
 Bits: [0x00000209c0110000, 0x00000209c2110000)

Polling page: 0x00000209ab230000

Metaspace:

Usage:
  Non-class:    115.96 MB used.
      Class:     16.98 MB used.
       Both:    132.94 MB used.

Virtual space:
  Non-class space:      128.00 MB reserved,     117.12 MB ( 92%) committed,  2 nodes.
      Class space:        1.00 GB reserved,      18.06 MB (  2%) committed,  1 nodes.
             Both:        1.12 GB reserved,     135.19 MB ( 12%) committed. 

Chunk freelists:
   Non-Class:  10.17 MB
       Class:  13.75 MB
        Both:  23.92 MB

MaxMetaspaceSize: unlimited
CompressedClassSpaceSize: 1.00 GB
Initial GC threshold: 21.00 MB
Current GC threshold: 219.50 MB
CDS: off
 - commit_granule_bytes: 65536.
 - commit_granule_words: 8192.
 - virtual_space_node_default_size: 8388608.
 - enlarge_chunks_in_place: 1.
 - use_allocation_guard: 0.


Internal statistics:

num_allocs_failed_limit: 6.
num_arena_births: 4370.
num_arena_deaths: 0.
num_vsnodes_births: 3.
num_vsnodes_deaths: 0.
num_space_committed: 2161.
num_space_uncommitted: 0.
num_chunks_returned_to_freelist: 6.
num_chunks_taken_from_freelist: 9861.
num_chunk_merges: 6.
num_chunk_splits: 6861.
num_chunks_enlarged: 4740.
num_inconsistent_stats: 0.

CodeHeap 'non-profiled nmethods': size=120000Kb used=6060Kb max_used=6060Kb free=113939Kb
 bounds [0x00000209b80a0000, 0x00000209b8690000, 0x00000209bf5d0000]
CodeHeap 'profiled nmethods': size=120000Kb used=23824Kb max_used=23824Kb free=96175Kb
 bounds [0x00000209b05d0000, 0x00000209b1d20000, 0x00000209b7b00000]
CodeHeap 'non-nmethods': size=5760Kb used=3365Kb max_used=3431Kb free=2394Kb
 bounds [0x00000209b7b00000, 0x00000209b7e70000, 0x00000209b80a0000]
 total_blobs=12668 nmethods=11542 adapters=1028
 compilation: enabled
              stopped_count=0, restarted_count=0
 full_count=0

Compilation events (20 events):
Event: 16.485 Thread 0x00000209c905f060 nmethod 13147 0x00000209b1d0c910 code [0x00000209b1d0cac0, 0x00000209b1d0cc78]
Event: 16.485 Thread 0x00000209c905f060 13149       3       org.gradle.api.internal.artifacts.transform.DefaultTransformInvocationFactory$$Lambda/0x00000001008325e0::apply (12 bytes)
Event: 16.486 Thread 0x00000209c905f060 nmethod 13149 0x00000209b1d0cd90 code [0x00000209b1d0cf60, 0x00000209b1d0d290]
Event: 16.486 Thread 0x00000209c905f060 13151       3       org.gradle.api.internal.artifacts.transform.DefaultTransformInvocationFactory$$Lambda/0x000000010082f6a8::apply (16 bytes)
Event: 16.486 Thread 0x00000209c905f060 nmethod 13151 0x00000209b1d0d390 code [0x00000209b1d0d620, 0x00000209b1d0e370]
Event: 16.486 Thread 0x00000209c905f060 13150       3       sun.nio.cs.StreamDecoder::forInputStreamReader (11 bytes)
Event: 16.487 Thread 0x00000209c905f060 nmethod 13150 0x00000209b1d0e810 code [0x00000209b1d0e9c0, 0x00000209b1d0eb58]
Event: 16.487 Thread 0x00000209c905f060 13146       3       java.nio.file.Files::newInputStream (10 bytes)
Event: 16.487 Thread 0x00000209c905f060 nmethod 13146 0x00000209b1d0ec10 code [0x00000209b1d0ede0, 0x00000209b1d0f180]
Event: 16.487 Thread 0x00000209c905f060 13155       3       org.gradle.api.internal.artifacts.transform.TransformExecutionResultSerializer::<init> (5 bytes)
Event: 16.487 Thread 0x00000209c905f060 nmethod 13155 0x00000209b1d0f310 code [0x00000209b1d0f4c0, 0x00000209b1d0f628]
Event: 16.487 Thread 0x00000209c905f060 13156       3       org.gradle.api.internal.artifacts.transform.TransformExecutionResult$Builder$ProducedOutputOnlyResult::lambda$resolveForWorkspace$0 (6 bytes)
Event: 16.488 Thread 0x00000209c905f060 nmethod 13156 0x00000209b1d0f710 code [0x00000209b1d0f8c0, 0x00000209b1d0fac0]
Event: 16.488 Thread 0x00000209c905f060 13157 % !   3       java.util.concurrent.ConcurrentHashMap::transfer @ 96 (849 bytes)
Event: 16.490 Thread 0x00000209cd5a8200 nmethod 13095 0x00000209b8689590 code [0x00000209b8689800, 0x00000209b868a3f0]
Event: 16.490 Thread 0x00000209cd5a8200 13097       4       sun.security.provider.MD5::implCompress (13 bytes)
Event: 16.491 Thread 0x00000209c905f060 nmethod 13157% 0x00000209b1d0fc10 code [0x00000209b1d10080, 0x00000209b1d12850]
Event: 16.491 Thread 0x00000209c905f060 13160       3       java.nio.file.spi.FileSystemProvider::newInputStream (102 bytes)
Event: 16.492 Thread 0x00000209cd5a8200 nmethod 13097 0x00000209b868ad10 code [0x00000209b868aea0, 0x00000209b868afe0]
Event: 16.492 Thread 0x00000209cd5a8200 13104       4       java.nio.HeapByteBuffer::putInt (31 bytes)

GC Heap History (20 events):
Event: 10.753 GC heap after
{Heap after GC invocations=31 (full 0):
 garbage-first heap   total 196608K, used 124032K [0x0000000080000000, 0x0000000100000000)
  region size 1024K, 7 young (7168K), 7 survivors (7168K)
 Metaspace       used 89290K, committed 91008K, reserved 1179648K
  class space    used 11898K, committed 12736K, reserved 1048576K
}
Event: 11.199 GC heap before
{Heap before GC invocations=31 (full 0):
 garbage-first heap   total 196608K, used 171136K [0x0000000080000000, 0x0000000100000000)
  region size 1024K, 53 young (54272K), 7 survivors (7168K)
 Metaspace       used 95147K, committed 97216K, reserved 1179648K
  class space    used 12664K, committed 13696K, reserved 1048576K
}
Event: 11.206 GC heap after
{Heap after GC invocations=32 (full 0):
 garbage-first heap   total 196608K, used 127118K [0x0000000080000000, 0x0000000100000000)
  region size 1024K, 4 young (4096K), 4 survivors (4096K)
 Metaspace       used 95147K, committed 97216K, reserved 1179648K
  class space    used 12664K, committed 13696K, reserved 1048576K
}
Event: 11.669 GC heap before
{Heap before GC invocations=33 (full 0):
 garbage-first heap   total 211968K, used 175246K [0x0000000080000000, 0x0000000100000000)
  region size 1024K, 51 young (52224K), 4 survivors (4096K)
 Metaspace       used 100211K, committed 102272K, reserved 1179648K
  class space    used 13313K, committed 14336K, reserved 1048576K
}
Event: 11.674 GC heap after
{Heap after GC invocations=34 (full 0):
 garbage-first heap   total 211968K, used 132010K [0x0000000080000000, 0x0000000100000000)
  region size 1024K, 7 young (7168K), 7 survivors (7168K)
 Metaspace       used 100211K, committed 102272K, reserved 1179648K
  class space    used 13313K, committed 14336K, reserved 1048576K
}
Event: 12.126 GC heap before
{Heap before GC invocations=34 (full 0):
 garbage-first heap   total 211968K, used 187306K [0x0000000080000000, 0x0000000100000000)
  region size 1024K, 61 young (62464K), 7 survivors (7168K)
 Metaspace       used 102772K, committed 104832K, reserved 1179648K
  class space    used 13575K, committed 14592K, reserved 1048576K
}
Event: 12.132 GC heap after
{Heap after GC invocations=35 (full 0):
 garbage-first heap   total 211968K, used 134432K [0x0000000080000000, 0x0000000100000000)
  region size 1024K, 5 young (5120K), 5 survivors (5120K)
 Metaspace       used 102772K, committed 104832K, reserved 1179648K
  class space    used 13575K, committed 14592K, reserved 1048576K
}
Event: 12.792 GC heap before
{Heap before GC invocations=35 (full 0):
 garbage-first heap   total 211968K, used 190752K [0x0000000080000000, 0x0000000100000000)
  region size 1024K, 60 young (61440K), 5 survivors (5120K)
 Metaspace       used 109003K, committed 111104K, reserved 1179648K
  class space    used 14273K, committed 15296K, reserved 1048576K
}
Event: 12.797 GC heap after
{Heap after GC invocations=36 (full 0):
 garbage-first heap   total 211968K, used 137880K [0x0000000080000000, 0x0000000100000000)
  region size 1024K, 5 young (5120K), 5 survivors (5120K)
 Metaspace       used 109003K, committed 111104K, reserved 1179648K
  class space    used 14273K, committed 15296K, reserved 1048576K
}
Event: 13.349 GC heap before
{Heap before GC invocations=36 (full 0):
 garbage-first heap   total 211968K, used 191128K [0x0000000080000000, 0x0000000100000000)
  region size 1024K, 58 young (59392K), 5 survivors (5120K)
 Metaspace       used 117036K, committed 119168K, reserved 1179648K
  class space    used 15087K, committed 16128K, reserved 1048576K
}
Event: 13.354 GC heap after
{Heap after GC invocations=37 (full 0):
 garbage-first heap   total 211968K, used 140208K [0x0000000080000000, 0x0000000100000000)
  region size 1024K, 7 young (7168K), 7 survivors (7168K)
 Metaspace       used 117036K, committed 119168K, reserved 1179648K
  class space    used 15087K, committed 16128K, reserved 1048576K
}
Event: 14.067 GC heap before
{Heap before GC invocations=38 (full 0):
 garbage-first heap   total 235520K, used 191408K [0x0000000080000000, 0x0000000100000000)
  region size 1024K, 57 young (58368K), 7 survivors (7168K)
 Metaspace       used 124619K, committed 126784K, reserved 1179648K
  class space    used 15854K, committed 16896K, reserved 1048576K
}
Event: 14.071 GC heap after
{Heap after GC invocations=39 (full 0):
 garbage-first heap   total 235520K, used 141372K [0x0000000080000000, 0x0000000100000000)
  region size 1024K, 4 young (4096K), 4 survivors (4096K)
 Metaspace       used 124619K, committed 126784K, reserved 1179648K
  class space    used 15854K, committed 16896K, reserved 1048576K
}
Event: 14.439 GC heap before
{Heap before GC invocations=39 (full 0):
 garbage-first heap   total 235520K, used 217148K [0x0000000080000000, 0x0000000100000000)
  region size 1024K, 77 young (78848K), 4 survivors (4096K)
 Metaspace       used 125608K, committed 127808K, reserved 1179648K
  class space    used 15937K, committed 17024K, reserved 1048576K
}
Event: 14.445 GC heap after
{Heap after GC invocations=40 (full 0):
 garbage-first heap   total 235520K, used 145998K [0x0000000080000000, 0x0000000100000000)
  region size 1024K, 10 young (10240K), 10 survivors (10240K)
 Metaspace       used 125608K, committed 127808K, reserved 1179648K
  class space    used 15937K, committed 17024K, reserved 1048576K
}
Event: 15.322 GC heap before
{Heap before GC invocations=40 (full 0):
 garbage-first heap   total 235520K, used 212558K [0x0000000080000000, 0x0000000100000000)
  region size 1024K, 75 young (76800K), 10 survivors (10240K)
 Metaspace       used 132059K, committed 134272K, reserved 1179648K
  class space    used 16848K, committed 17920K, reserved 1048576K
}
Event: 15.331 GC heap after
{Heap after GC invocations=41 (full 0):
 garbage-first heap   total 235520K, used 152928K [0x0000000080000000, 0x0000000100000000)
  region size 1024K, 7 young (7168K), 7 survivors (7168K)
 Metaspace       used 132059K, committed 134272K, reserved 1179648K
  class space    used 16848K, committed 17920K, reserved 1048576K
}
Event: 16.119 GC heap before
{Heap before GC invocations=42 (full 0):
 garbage-first heap   total 256000K, used 213344K [0x0000000080000000, 0x0000000100000000)
  region size 1024K, 67 young (68608K), 7 survivors (7168K)
 Metaspace       used 135796K, committed 138112K, reserved 1179648K
  class space    used 17384K, committed 18496K, reserved 1048576K
}
Event: 16.127 GC heap after
{Heap after GC invocations=43 (full 0):
 garbage-first heap   total 256000K, used 160513K [0x0000000080000000, 0x0000000100000000)
  region size 1024K, 8 young (8192K), 8 survivors (8192K)
 Metaspace       used 135796K, committed 138112K, reserved 1179648K
  class space    used 17384K, committed 18496K, reserved 1048576K
}
Event: 16.492 GC heap before
{Heap before GC invocations=43 (full 0):
 garbage-first heap   total 256000K, used 232193K [0x0000000080000000, 0x0000000100000000)
  region size 1024K, 79 young (80896K), 8 survivors (8192K)
 Metaspace       used 136132K, committed 138432K, reserved 1179648K
  class space    used 17384K, committed 18496K, reserved 1048576K
}

Dll operation events (3 events):
Event: 0.018 Loaded shared library C:\Program Files\Android\Android Studio\jbr\bin\java.dll
Event: 0.046 Loaded shared library C:\Program Files\Android\Android Studio\jbr\bin\zip.dll
Event: 1.780 Loaded shared library C:\Program Files\Android\Android Studio\jbr\bin\verify.dll

Deoptimization events (20 events):
Event: 16.482 Thread 0x00000209cb4b1a00 Uncommon trap: trap_request=0xffffff45 fr.pc=0x00000209b864bfdc relative=0x000000000000179c
Event: 16.482 Thread 0x00000209cb4b1a00 Uncommon trap: reason=unstable_if action=reinterpret pc=0x00000209b864bfdc method=java.util.concurrent.ConcurrentHashMap.addCount(JI)V @ 171 c2
Event: 16.482 Thread 0x00000209cb4b1a00 DEOPT PACKING pc=0x00000209b864bfdc sp=0x0000003d662fdd90
Event: 16.482 Thread 0x00000209cb4b1a00 DEOPT UNPACKING pc=0x00000209b7b57da2 sp=0x0000003d662fdc70 mode 2
Event: 16.482 Thread 0x00000209cb4b2720 Uncommon trap: trap_request=0xffffff45 fr.pc=0x00000209b82bede0 relative=0x0000000000000280
Event: 16.482 Thread 0x00000209cb4b2720 Uncommon trap: reason=unstable_if action=reinterpret pc=0x00000209b82bede0 method=java.util.concurrent.ConcurrentHashMap.addCount(JI)V @ 260 c2
Event: 16.482 Thread 0x00000209cb4b2720 DEOPT PACKING pc=0x00000209b82bede0 sp=0x0000003d660fe1b0
Event: 16.482 Thread 0x00000209cb4b2720 DEOPT UNPACKING pc=0x00000209b7b57da2 sp=0x0000003d660fe0f0 mode 2
Event: 16.482 Thread 0x00000209cb4b1a00 Uncommon trap: trap_request=0xffffff45 fr.pc=0x00000209b82bedcc relative=0x000000000000026c
Event: 16.482 Thread 0x00000209cb4b1a00 Uncommon trap: reason=unstable_if action=reinterpret pc=0x00000209b82bedcc method=java.util.concurrent.ConcurrentHashMap.addCount(JI)V @ 171 c2
Event: 16.482 Thread 0x00000209cb4b1a00 DEOPT PACKING pc=0x00000209b82bedcc sp=0x0000003d662fdd00
Event: 16.482 Thread 0x00000209cb4b1a00 DEOPT UNPACKING pc=0x00000209b7b57da2 sp=0x0000003d662fdc40 mode 2
Event: 16.484 Thread 0x00000209cb4ad860 Uncommon trap: trap_request=0xffffff45 fr.pc=0x00000209b864bfdc relative=0x000000000000179c
Event: 16.484 Thread 0x00000209cb4ad860 Uncommon trap: reason=unstable_if action=reinterpret pc=0x00000209b864bfdc method=java.util.concurrent.ConcurrentHashMap.addCount(JI)V @ 171 c2
Event: 16.484 Thread 0x00000209cb4ad860 DEOPT PACKING pc=0x00000209b864bfdc sp=0x0000003d663fde80
Event: 16.484 Thread 0x00000209cb4ad860 DEOPT UNPACKING pc=0x00000209b7b57da2 sp=0x0000003d663fdd60 mode 2
Event: 16.487 Thread 0x00000209cb4affc0 Uncommon trap: trap_request=0xffffff45 fr.pc=0x00000209b81a592c relative=0x000000000000136c
Event: 16.487 Thread 0x00000209cb4affc0 Uncommon trap: reason=unstable_if action=reinterpret pc=0x00000209b81a592c method=java.util.concurrent.ConcurrentHashMap.transfer([Ljava/util/concurrent/ConcurrentHashMap$Node;[Ljava/util/concurrent/ConcurrentHashMap$Node;)V @ 347 c2
Event: 16.487 Thread 0x00000209cb4affc0 DEOPT PACKING pc=0x00000209b81a592c sp=0x0000003d664fdea0
Event: 16.487 Thread 0x00000209cb4affc0 DEOPT UNPACKING pc=0x00000209b7b57da2 sp=0x0000003d664fde30 mode 2

Classes loaded (20 events):
Event: 15.271 Loading class java/util/IdentityHashMap$EntryIterator$Entry
Event: 15.271 Loading class java/util/IdentityHashMap$EntryIterator$Entry done
Event: 15.307 Loading class java/lang/invoke/SerializedLambda$1
Event: 15.307 Loading class java/lang/invoke/SerializedLambda$1 done
Event: 15.333 Loading class org/xml/sax/Locator
Event: 15.333 Loading class org/xml/sax/Locator done
Event: 15.335 Loading class org/xml/sax/SAXParseException
Event: 15.335 Loading class org/xml/sax/SAXParseException done
Event: 15.336 Loading class org/xml/sax/Attributes
Event: 15.336 Loading class org/xml/sax/Attributes done
Event: 15.390 Loading class java/util/DualPivotQuicksort
Event: 15.391 Loading class java/util/DualPivotQuicksort done
Event: 15.457 Loading class java/util/function/LongUnaryOperator
Event: 15.457 Loading class java/util/function/LongUnaryOperator done
Event: 15.901 Loading class java/util/Collections$ReverseComparator
Event: 15.902 Loading class java/util/Collections$ReverseComparator done
Event: 15.902 Loading class java/util/Collections$ReverseComparator2
Event: 15.902 Loading class java/util/Collections$ReverseComparator2 done
Event: 15.979 Loading class java/util/LinkedList$LLSpliterator
Event: 15.979 Loading class java/util/LinkedList$LLSpliterator done

Classes unloaded (0 events):
No events

Classes redefined (0 events):
No events

Internal exceptions (20 events):
Event: 15.308 Thread 0x00000209caee21b0 Exception <a 'java/lang/NoSuchMethodError'{0x000000008a2acb08}: 'void java.lang.invoke.Invokers$Holder.invokeExact_MT(java.lang.Object, java.lang.Object, long, java.lang.Object)'> (0x000000008a2acb08) 
thrown [s\src\hotspot\share\interpreter\linkResolver.cpp, line 784]
Event: 15.317 Thread 0x00000209caee21b0 Exception <a 'java/lang/ClassNotFoundException'{0x000000008a1ea620}: org/gradle/api/internal/project/DefaultProject_DecoratedBeanInfo> (0x000000008a1ea620) 
thrown [s\src\hotspot\share\classfile\systemDictionary.cpp, line 312]
Event: 15.317 Thread 0x00000209caee21b0 Exception <a 'java/lang/ClassNotFoundException'{0x000000008a1f68a0}: org/gradle/api/internal/project/DefaultProjectBeanInfo> (0x000000008a1f68a0) 
thrown [s\src\hotspot\share\classfile\systemDictionary.cpp, line 312]
Event: 15.317 Thread 0x00000209caee21b0 Exception <a 'java/lang/ClassNotFoundException'{0x000000008a002e68}: org/gradle/api/internal/project/DefaultProjectCustomizer> (0x000000008a002e68) 
thrown [s\src\hotspot\share\classfile\systemDictionary.cpp, line 312]
Event: 15.321 Thread 0x00000209caee21b0 Exception <a 'java/lang/ClassNotFoundException'{0x000000008a0c10a0}: org/gradle/api/internal/project/DefaultProject_DecoratedCustomizer> (0x000000008a0c10a0) 
thrown [s\src\hotspot\share\classfile\systemDictionary.cpp, line 312]
Event: 15.457 Thread 0x00000209caee21b0 Exception <a 'java/lang/NoSuchMethodError'{0x000000008f0f5980}: 'long java.lang.invoke.DirectMethodHandle$Holder.invokeStatic(java.lang.Object, long)'> (0x000000008f0f5980) 
thrown [s\src\hotspot\share\interpreter\linkResolver.cpp, line 784]
Event: 15.507 Thread 0x00000209caee21b0 Exception <a 'java/lang/NoSuchMethodError'{0x000000008eb55268}: 'java.lang.Object java.lang.invoke.DirectMethodHandle$Holder.invokeVirtual(java.lang.Object, java.lang.Object, java.lang.Object, java.lang.Object, java.lang.Object, java.lang.Object, java.lang.Object, java.lang.Object, java.lang.Object, java.lang.Object, java.lang.Object, java.lang.Object, java.lang.Object, java.lang.Object, java.lang.Object, java.lang.Object, java.lang.Object)'> (0x000000008eb55268) 
thrown [s\src\hotspot\share\interpreter\li
Event: 15.507 Thread 0x00000209caee21b0 Exception <a 'java/lang/NoSuchMethodError'{0x000000008eb5b420}: 'java.lang.Object java.lang.invoke.DirectMethodHandle$Holder.invokeSpecial(java.lang.Object, java.lang.Object, java.lang.Object, java.lang.Object, java.lang.Object, java.lang.Object, java.lang.Object, java.lang.Object, java.lang.Object, java.lang.Object, java.lang.Object, java.lang.Object, java.lang.Object, java.lang.Object, java.lang.Object, java.lang.Object, java.lang.Object, java.lang.Object)'> (0x000000008eb5b420) 
thrown [s\src\hotspot\sh
Event: 15.507 Thread 0x00000209caee21b0 Exception <a 'java/lang/NoSuchMethodError'{0x000000008eb60c60}: 'java.lang.Object java.lang.invoke.DelegatingMethodHandle$Holder.reinvoke_L(java.lang.Object, java.lang.Object, java.lang.Object, java.lang.Object, java.lang.Object, java.lang.Object, java.lang.Object, java.lang.Object, java.lang.Object, java.lang.Object, java.lang.Object, java.lang.Object, java.lang.Object, java.lang.Object, java.lang.Object, java.lang.Object, java.lang.Object)'> (0x000000008eb60c60) 
thrown [s\src\hotspot\share\interpreter\l
Event: 15.590 Thread 0x00000209caee21b0 Exception <a 'java/lang/NoSuchMethodError'{0x000000008e674740}: static Lorg/gradle/api/internal/catalog/DefaultVersionCatalog;.<clinit>()V> (0x000000008e674740) 
thrown [s\src\hotspot\share\prims\jni.cpp, line 1139]
Event: 15.593 Thread 0x00000209caee21b0 Exception <a 'java/lang/NoSuchMethodError'{0x000000008e6b1ba8}: static [Ljava/lang/Object;.<clinit>()V> (0x000000008e6b1ba8) 
thrown [s\src\hotspot\share\prims\jni.cpp, line 1139]
Event: 15.594 Thread 0x00000209caee21b0 Exception <a 'java/lang/NoSuchMethodError'{0x000000008e6dc6f0}: static Lorg/gradle/api/internal/catalog/DependencyModel;.<clinit>()V> (0x000000008e6dc6f0) 
thrown [s\src\hotspot\share\prims\jni.cpp, line 1139]
Event: 15.594 Thread 0x00000209caee21b0 Exception <a 'java/lang/NoSuchMethodError'{0x000000008e6e06f0}: static Lorg/gradle/api/internal/catalog/AbstractContextAwareModel;.<clinit>()V> (0x000000008e6e06f0) 
thrown [s\src\hotspot\share\prims\jni.cpp, line 1139]
Event: 15.595 Thread 0x00000209caee21b0 Exception <a 'java/lang/NoSuchMethodError'{0x000000008e6fbe48}: static Lorg/gradle/api/internal/artifacts/dependencies/AbstractVersionConstraint;.<clinit>()V> (0x000000008e6fbe48) 
thrown [s\src\hotspot\share\prims\jni.cpp, line 1139]
Event: 15.598 Thread 0x00000209caee21b0 Exception <a 'java/lang/NoSuchMethodError'{0x000000008e552930}: static Lorg/gradle/api/internal/catalog/PluginModel;.<clinit>()V> (0x000000008e552930) 
thrown [s\src\hotspot\share\prims\jni.cpp, line 1139]
Event: 15.599 Thread 0x00000209caee21b0 Exception <a 'java/lang/NoSuchMethodError'{0x000000008e56bd18}: static Lorg/gradle/api/internal/catalog/VersionModel;.<clinit>()V> (0x000000008e56bd18) 
thrown [s\src\hotspot\share\prims\jni.cpp, line 1139]
Event: 15.666 Thread 0x00000209caee21b0 Exception <a 'java/lang/NoSuchMethodError'{0x000000008e15e080}: 'int java.lang.invoke.DirectMethodHandle$Holder.invokeSpecialIFC(java.lang.Object, java.lang.Object, java.lang.Object)'> (0x000000008e15e080) 
thrown [s\src\hotspot\share\interpreter\linkResolver.cpp, line 784]
Event: 15.709 Thread 0x00000209caee21b0 Exception <a 'java/lang/NoSuchMethodError'{0x000000008daf05b0}: 'void java.lang.invoke.DirectMethodHandle$Holder.invokeStatic(java.lang.Object, java.lang.Object, java.lang.Object, int, java.lang.Object)'> (0x000000008daf05b0) 
thrown [s\src\hotspot\share\interpreter\linkResolver.cpp, line 784]
Event: 15.715 Thread 0x00000209caee21b0 Implicit null exception at 0x00000209b85deb9d to 0x00000209b85dee04
Event: 15.980 Thread 0x00000209caee21b0 Exception <a 'java/lang/IncompatibleClassChangeError'{0x000000008cce20c0}: Found class java.lang.Object, but interface was expected> (0x000000008cce20c0) 
thrown [s\src\hotspot\share\interpreter\linkResolver.cpp, line 851]

ZGC Phase Switch (0 events):
No events

VM Operations (20 events):
Event: 15.399 Executing VM operation: G1PauseRemark done
Event: 15.430 Executing VM operation: G1PauseCleanup
Event: 15.431 Executing VM operation: G1PauseCleanup done
Event: 15.718 Executing VM operation: HandshakeAllThreads (Deoptimize)
Event: 15.718 Executing VM operation: HandshakeAllThreads (Deoptimize) done
Event: 15.800 Executing VM operation: ICBufferFull
Event: 15.801 Executing VM operation: ICBufferFull done
Event: 15.930 Executing VM operation: HandshakeAllThreads (Deoptimize)
Event: 15.930 Executing VM operation: HandshakeAllThreads (Deoptimize) done
Event: 15.976 Executing VM operation: ICBufferFull
Event: 15.976 Executing VM operation: ICBufferFull done
Event: 16.081 Executing VM operation: ICBufferFull
Event: 16.081 Executing VM operation: ICBufferFull done
Event: 16.081 Executing VM operation: ICBufferFull
Event: 16.081 Executing VM operation: ICBufferFull done
Event: 16.119 Executing VM operation: G1CollectForAllocation (G1 Evacuation Pause)
Event: 16.127 Executing VM operation: G1CollectForAllocation (G1 Evacuation Pause) done
Event: 16.366 Executing VM operation: ICBufferFull
Event: 16.366 Executing VM operation: ICBufferFull done
Event: 16.492 Executing VM operation: G1CollectForAllocation (G1 Evacuation Pause)

Memory protections (0 events):
No events

Nmethod flushes (20 events):
Event: 15.398 Thread 0x00000209c4b630b0 flushing  nmethod 0x00000209b0d99790
Event: 15.398 Thread 0x00000209c4b630b0 flushing  nmethod 0x00000209b0e3cd10
Event: 15.398 Thread 0x00000209c4b630b0 flushing  nmethod 0x00000209b0e3d890
Event: 15.398 Thread 0x00000209c4b630b0 flushing  nmethod 0x00000209b0f31990
Event: 15.398 Thread 0x00000209c4b630b0 flushing  nmethod 0x00000209b104a010
Event: 15.398 Thread 0x00000209c4b630b0 flushing  nmethod 0x00000209b1051b90
Event: 15.398 Thread 0x00000209c4b630b0 flushing  nmethod 0x00000209b1052310
Event: 15.398 Thread 0x00000209c4b630b0 flushing  nmethod 0x00000209b1052690
Event: 15.398 Thread 0x00000209c4b630b0 flushing  nmethod 0x00000209b1052b90
Event: 15.398 Thread 0x00000209c4b630b0 flushing  nmethod 0x00000209b1052f10
Event: 15.398 Thread 0x00000209c4b630b0 flushing  nmethod 0x00000209b1053b10
Event: 15.398 Thread 0x00000209c4b630b0 flushing  nmethod 0x00000209b1055710
Event: 15.398 Thread 0x00000209c4b630b0 flushing  nmethod 0x00000209b1055a90
Event: 15.398 Thread 0x00000209c4b630b0 flushing  nmethod 0x00000209b1076f10
Event: 15.398 Thread 0x00000209c4b630b0 flushing  nmethod 0x00000209b10fef90
Event: 15.398 Thread 0x00000209c4b630b0 flushing  nmethod 0x00000209b10ffa90
Event: 15.398 Thread 0x00000209c4b630b0 flushing  nmethod 0x00000209b1108a90
Event: 15.398 Thread 0x00000209c4b630b0 flushing  nmethod 0x00000209b11c7d10
Event: 15.398 Thread 0x00000209c4b630b0 flushing  nmethod 0x00000209b1244690
Event: 15.398 Thread 0x00000209c4b630b0 flushing  nmethod 0x00000209b1244a90

Events (20 events):
Event: 15.996 Thread 0x00000209caee21b0 Thread added: 0x00000209d7d743f0
Event: 15.996 Thread 0x00000209caee21b0 Thread added: 0x00000209d7d78c20
Event: 15.996 Thread 0x00000209caee21b0 Thread added: 0x00000209d7d792b0
Event: 15.996 Thread 0x00000209caee21b0 Thread added: 0x00000209d7d75e30
Event: 15.996 Thread 0x00000209caee21b0 Thread added: 0x00000209d7d79fd0
Event: 15.997 Thread 0x00000209caee21b0 Thread added: 0x00000209d7d76b50
Event: 16.037 Thread 0x00000209caee21b0 Thread added: 0x00000209d7d771e0
Event: 16.039 Thread 0x00000209caee21b0 Thread added: 0x00000209d7d77870
Event: 16.041 Thread 0x00000209caee21b0 Thread added: 0x00000209d7d7a660
Event: 16.042 Thread 0x00000209caee21b0 Thread added: 0x00000209d7d7ba10
Event: 16.045 Thread 0x00000209caee21b0 Thread added: 0x00000209d7d77f00
Event: 16.046 Thread 0x00000209caee21b0 Thread added: 0x00000209d7d7acf0
Event: 16.049 Thread 0x00000209caee21b0 Thread added: 0x00000209d7d74a80
Event: 16.296 Thread 0x00000209caee21b0 Thread added: 0x00000209cb4b1370
Event: 16.297 Thread 0x00000209caee21b0 Thread added: 0x00000209cb4b2720
Event: 16.297 Thread 0x00000209caee21b0 Thread added: 0x00000209cb4adef0
Event: 16.298 Thread 0x00000209caee21b0 Thread added: 0x00000209cb4b1a00
Event: 16.298 Thread 0x00000209caee21b0 Thread added: 0x00000209cb4ad860
Event: 16.299 Thread 0x00000209caee21b0 Thread added: 0x00000209cb4affc0
Event: 16.300 Thread 0x00000209caee21b0 Thread added: 0x00000209cb4ac4b0


Dynamic libraries:
0x00007ff769950000 - 0x00007ff76995a000 	C:\Program Files\Android\Android Studio\jbr\bin\java.exe
0x00007ffa13590000 - 0x00007ffa137a7000 	C:\WINDOWS\SYSTEM32\ntdll.dll
0x00007ffa12060000 - 0x00007ffa12124000 	C:\WINDOWS\System32\KERNEL32.DLL
0x00007ffa10970000 - 0x00007ffa10d42000 	C:\WINDOWS\System32\KERNELBASE.dll
0x00007ffa10850000 - 0x00007ffa10961000 	C:\WINDOWS\System32\ucrtbase.dll
0x00007ffa0b3b0000 - 0x00007ffa0b3cb000 	C:\Program Files\Android\Android Studio\jbr\bin\VCRUNTIME140.dll
0x00007ffa0a9c0000 - 0x00007ffa0a9d8000 	C:\Program Files\Android\Android Studio\jbr\bin\jli.dll
0x00007ffa11610000 - 0x00007ffa117c1000 	C:\WINDOWS\System32\USER32.dll
0x00007ffa0f970000 - 0x00007ffa0fc0b000 	C:\WINDOWS\WinSxS\amd64_microsoft.windows.common-controls_6595b64144ccf1df_6.0.22621.5697_none_27154c497380d676\COMCTL32.dll
0x00007ffa11140000 - 0x00007ffa11166000 	C:\WINDOWS\System32\win32u.dll
0x00007ffa133c0000 - 0x00007ffa13467000 	C:\WINDOWS\System32\msvcrt.dll
0x00007ffa115e0000 - 0x00007ffa11609000 	C:\WINDOWS\System32\GDI32.dll
0x00007ffa10680000 - 0x00007ffa107a3000 	C:\WINDOWS\System32\gdi32full.dll
0x00007ffa107b0000 - 0x00007ffa1084a000 	C:\WINDOWS\System32\msvcp_win.dll
0x00007ffa125b0000 - 0x00007ffa125e1000 	C:\WINDOWS\System32\IMM32.DLL
0x00007ffa0b7f0000 - 0x00007ffa0b7fc000 	C:\Program Files\Android\Android Studio\jbr\bin\vcruntime140_1.dll
0x00007ff9fce10000 - 0x00007ff9fce9d000 	C:\Program Files\Android\Android Studio\jbr\bin\msvcp140.dll
0x00007ff9c94d0000 - 0x00007ff9ca15b000 	C:\Program Files\Android\Android Studio\jbr\bin\server\jvm.dll
0x00007ffa132f0000 - 0x00007ffa133a1000 	C:\WINDOWS\System32\ADVAPI32.dll
0x00007ffa12710000 - 0x00007ffa127b8000 	C:\WINDOWS\System32\sechost.dll
0x00007ffa111f0000 - 0x00007ffa11218000 	C:\WINDOWS\System32\bcrypt.dll
0x00007ffa11360000 - 0x00007ffa11477000 	C:\WINDOWS\System32\RPCRT4.dll
0x00007ffa127c0000 - 0x00007ffa12831000 	C:\WINDOWS\System32\WS2_32.dll
0x00007ffa10550000 - 0x00007ffa1059d000 	C:\WINDOWS\SYSTEM32\POWRPROF.dll
0x00007ffa08620000 - 0x00007ffa08654000 	C:\WINDOWS\SYSTEM32\WINMM.dll
0x00007ffa085c0000 - 0x00007ffa085ca000 	C:\WINDOWS\SYSTEM32\VERSION.dll
0x00007ffa10530000 - 0x00007ffa10543000 	C:\WINDOWS\SYSTEM32\UMPDC.dll
0x00007ffa0ef30000 - 0x00007ffa0ef48000 	C:\WINDOWS\SYSTEM32\kernel.appcore.dll
0x00007ffa0b620000 - 0x00007ffa0b62a000 	C:\Program Files\Android\Android Studio\jbr\bin\jimage.dll
0x00007ffa0fef0000 - 0x00007ffa10123000 	C:\WINDOWS\SYSTEM32\DBGHELP.DLL
0x00007ffa11a80000 - 0x00007ffa11e12000 	C:\WINDOWS\System32\combase.dll
0x00007ffa13470000 - 0x00007ffa13548000 	C:\WINDOWS\System32\OLEAUT32.dll
0x00007ffa0fde0000 - 0x00007ffa0fe12000 	C:\WINDOWS\SYSTEM32\dbgcore.DLL
0x00007ffa11170000 - 0x00007ffa111eb000 	C:\WINDOWS\System32\bcryptPrimitives.dll
0x00007ffa0b610000 - 0x00007ffa0b61e000 	C:\Program Files\Android\Android Studio\jbr\bin\instrument.dll
0x00007ffa0b390000 - 0x00007ffa0b3b0000 	C:\Program Files\Android\Android Studio\jbr\bin\java.dll
0x00007ffa0b370000 - 0x00007ffa0b388000 	C:\Program Files\Android\Android Studio\jbr\bin\zip.dll
0x00007ffa12a40000 - 0x00007ffa132e1000 	C:\WINDOWS\System32\SHELL32.dll
0x00007ffa10dd0000 - 0x00007ffa10f0f000 	C:\WINDOWS\System32\wintypes.dll
0x00007ffa0dca0000 - 0x00007ffa0e5ba000 	C:\WINDOWS\SYSTEM32\windows.storage.dll
0x00007ffa117d0000 - 0x00007ffa118db000 	C:\WINDOWS\System32\SHCORE.dll
0x00007ffa12890000 - 0x00007ffa128f9000 	C:\WINDOWS\System32\shlwapi.dll
0x00007ffa105b0000 - 0x00007ffa105db000 	C:\WINDOWS\SYSTEM32\profapi.dll
0x00007ffa0b340000 - 0x00007ffa0b350000 	C:\Program Files\Android\Android Studio\jbr\bin\net.dll
0x00007ffa083b0000 - 0x00007ffa084dc000 	C:\WINDOWS\SYSTEM32\WINHTTP.dll
0x00007ffa0f3c0000 - 0x00007ffa0f429000 	C:\WINDOWS\system32\mswsock.dll
0x00007ffa0b320000 - 0x00007ffa0b336000 	C:\Program Files\Android\Android Studio\jbr\bin\nio.dll
0x00007ffa0b360000 - 0x00007ffa0b370000 	C:\Program Files\Android\Android Studio\jbr\bin\verify.dll
0x00007ff9e2080000 - 0x00007ff9e20a7000 	C:\Users\USER\.gradle\native\1def1411415f61bf3af743bc5b6707747c0891f09f0c88961ee8f79bc544acac\windows-amd64\native-platform.dll
0x00007ffa09a80000 - 0x00007ffa09af8000 	C:\Users\USER\.gradle\native\0.2.7\x86_64-windows-gnu\gradle-fileevents.dll
0x00007ff9fbc90000 - 0x00007ff9fbc99000 	C:\Program Files\Android\Android Studio\jbr\bin\management.dll
0x00007ff9fbc80000 - 0x00007ff9fbc8b000 	C:\Program Files\Android\Android Studio\jbr\bin\management_ext.dll
0x00007ffa12900000 - 0x00007ffa12908000 	C:\WINDOWS\System32\PSAPI.DLL
0x00007ffa0e9e0000 - 0x00007ffa0ea0d000 	C:\WINDOWS\SYSTEM32\IPHLPAPI.DLL
0x00007ffa12680000 - 0x00007ffa12689000 	C:\WINDOWS\System32\NSI.dll
0x00007ff9fbca0000 - 0x00007ff9fbca9000 	C:\Program Files\Android\Android Studio\jbr\bin\extnet.dll
0x00007ffa10230000 - 0x00007ffa1024b000 	C:\WINDOWS\SYSTEM32\CRYPTSP.dll
0x00007ffa0ee90000 - 0x00007ffa0eec7000 	C:\WINDOWS\system32\rsaenh.dll
0x00007ffa0f480000 - 0x00007ffa0f4a8000 	C:\WINDOWS\SYSTEM32\USERENV.dll
0x00007ffa0f5e0000 - 0x00007ffa0f5ec000 	C:\WINDOWS\SYSTEM32\CRYPTBASE.dll
0x00007ff9fbcb0000 - 0x00007ff9fbcb8000 	C:\WINDOWS\system32\wshunix.dll

dbghelp: loaded successfully - version: 4.0.5 - missing functions: none
symbol engine: initialized successfully - sym options: 0x614 - pdb path: .;C:\Program Files\Android\Android Studio\jbr\bin;C:\WINDOWS\SYSTEM32;C:\WINDOWS\WinSxS\amd64_microsoft.windows.common-controls_6595b64144ccf1df_6.0.22621.5697_none_27154c497380d676;C:\Program Files\Android\Android Studio\jbr\bin\server;C:\Users\USER\.gradle\native\1def1411415f61bf3af743bc5b6707747c0891f09f0c88961ee8f79bc544acac\windows-amd64;C:\Users\USER\.gradle\native\0.2.7\x86_64-windows-gnu

VM Arguments:
jvm_args: --add-opens=java.base/java.lang=ALL-UNNAMED --add-opens=java.base/java.lang.invoke=ALL-UNNAMED --add-opens=java.base/java.util=ALL-UNNAMED --add-opens=java.prefs/java.util.prefs=ALL-UNNAMED --add-exports=jdk.compiler/com.sun.tools.javac.api=ALL-UNNAMED --add-exports=jdk.compiler/com.sun.tools.javac.util=ALL-UNNAMED --add-opens=java.base/java.util=ALL-UNNAMED --add-opens=java.prefs/java.util.prefs=ALL-UNNAMED --add-opens=java.base/java.nio.charset=ALL-UNNAMED --add-opens=java.base/java.net=ALL-UNNAMED --add-opens=java.base/java.util.concurrent.atomic=ALL-UNNAMED --add-opens=java.xml/javax.xml.namespace=ALL-UNNAMED -Xmx2048m -Dfile.encoding=UTF-8 -Duser.country=ID -Duser.language=en -Duser.variant -javaagent:C:\Users\USER\.gradle\wrapper\dists\gradle-8.13-bin\5xuhj0ry160q40clulazy9h7d\gradle-8.13\lib\agents\gradle-instrumentation-agent-8.13.jar 
java_command: org.gradle.launcher.daemon.bootstrap.GradleDaemon 8.13
java_class_path (initial): C:\Users\USER\.gradle\wrapper\dists\gradle-8.13-bin\5xuhj0ry160q40clulazy9h7d\gradle-8.13\lib\gradle-daemon-main-8.13.jar
Launcher Type: SUN_STANDARD

[Global flags]
     intx CICompilerCount                          = 4                                         {product} {ergonomic}
     uint ConcGCThreads                            = 2                                         {product} {ergonomic}
     uint G1ConcRefinementThreads                  = 8                                         {product} {ergonomic}
   size_t G1HeapRegionSize                         = 1048576                                   {product} {ergonomic}
    uintx GCDrainStackTargetSize                   = 64                                        {product} {ergonomic}
   size_t InitialHeapSize                          = 132120576                                 {product} {ergonomic}
   size_t MarkStackSize                            = 4194304                                   {product} {ergonomic}
   size_t MaxHeapSize                              = 2147483648                                {product} {command line}
   size_t MaxNewSize                               = 1287651328                                {product} {ergonomic}
   size_t MinHeapDeltaBytes                        = 1048576                                   {product} {ergonomic}
   size_t MinHeapSize                              = 8388608                                   {product} {ergonomic}
    uintx NonNMethodCodeHeapSize                   = 5839372                                {pd product} {ergonomic}
    uintx NonProfiledCodeHeapSize                  = 122909434                              {pd product} {ergonomic}
    uintx ProfiledCodeHeapSize                     = 122909434                              {pd product} {ergonomic}
    uintx ReservedCodeCacheSize                    = 251658240                              {pd product} {ergonomic}
     bool SegmentedCodeCache                       = true                                      {product} {ergonomic}
   size_t SoftMaxHeapSize                          = 2147483648                             {manageable} {ergonomic}
     bool UseCompressedOops                        = true                           {product lp64_product} {ergonomic}
     bool UseG1GC                                  = true                                      {product} {ergonomic}
     bool UseLargePagesIndividualAllocation        = false                                  {pd product} {ergonomic}

Logging:
Log output configuration:
 #0: stdout all=warning uptime,level,tags foldmultilines=false
 #1: stderr all=off uptime,level,tags foldmultilines=false

Environment Variables:
PATH=C:\app\USER\product\21c\dbhomeXE\bin;C:\Program Files (x86)\Common Files\Intel\Shared Libraries\redist\intel64\compiler;C:\WINDOWS\system32;C:\WINDOWS;C:\WINDOWS\System32\Wbem;C:\WINDOWS\System32\WindowsPowerShell\v1.0\;C:\WINDOWS\System32\OpenSSH\;C:\Program Files\nodejs\;C:\Program Files\Git\cmd;C:\Program Files\dotnet\;C:\Program Files\MySQL\MySQL Server 9.3\bin;C:\ProgramData\ComposerSetup\bin;C:\Users\USER\AppData\Local\Programs\Python\Launcher\;C:\Users\USER\AppData\Local\Microsoft\WindowsApps;C:\Users\USER\AppData\Local\Programs\Microsoft VS Code\bin;C:\Users\USER\AppData\Local\GitHubDesktop\bin;C:\Users\USER\AppData\Roaming\npm;D:\xampp;D:\xampp\php;C:\Users\USER\AppData\Roaming\Composer\vendor\bin;C:\Users\USER\AppData\Roaming\TinyTeX\bin\windows;C:\Users\USER\AppData\Local\JetBrains\Toolbox\scripts;
USERNAME=USER
OS=Windows_NT
PROCESSOR_IDENTIFIER=Intel64 Family 6 Model 126 Stepping 5, GenuineIntel
TMP=C:\Users\USER\AppData\Local\Temp
TEMP=C:\Users\USER\AppData\Local\Temp




Periodic native trim disabled

JNI global refs:
JNI global refs: 27, weak refs: 4

JNI global refs memory usage: 835, weak refs: 833

Process memory usage:
Resident Set Size: 588484K (7% of 8178936K total physical memory with 458824K free physical memory)

OOME stack traces (most recent first):
Classloader memory used:
Loader org.gradle.internal.classloader.VisitableURLClassLoader                         : 97130K
Loader bootstrap                                                                       : 24978K
Loader org.gradle.initialization.MixInLegacyTypesClassLoader                           : 10884K
Loader org.gradle.internal.classloader.VisitableURLClassLoader                         : 957K
Loader org.gradle.internal.classloader.VisitableURLClassLoader$InstrumentingVisitableURLClassLoader: 726K
Loader jdk.internal.loader.ClassLoaders$PlatformClassLoader                            : 496K
Loader jdk.internal.jrtfs.JrtFileSystemProvider$JrtFsLoader                            : 338K
Loader jdk.internal.reflect.DelegatingClassLoader                                      : 250K
Loader jdk.internal.loader.ClassLoaders$AppClassLoader                                 : 233K
Loader org.gradle.groovy.scripts.internal.DefaultScriptCompilationHandler$ScriptClassLoader: 89056B
Loader org.codehaus.groovy.runtime.callsite.CallSiteClassLoader                        : 49592B

Classes loaded by more than one classloader:
Class org.gradle.api.GradleException                                                  : loaded 3 times (x 78B)
Class Program                                                                         : loaded 3 times (x 68B)
Class jdk.internal.jimage.BasicImageReader                                            : loaded 2 times (x 91B)
Class org.gradle.internal.classloader.ClassLoaderHierarchy                            : loaded 2 times (x 66B)
Class org.gradle.api.internal.classpath.ManifestUtil                                  : loaded 2 times (x 67B)
Class org.jetbrains.plugins.gradle.model.GradleExtensions                             : loaded 2 times (x 66B)
Class org.jetbrains.plugins.gradle.model.AnnotationProcessingModel                    : loaded 2 times (x 66B)
Class jdk.internal.jimage.decompressor.StringSharingDecompressorFactory               : loaded 2 times (x 70B)
Class org.gradle.internal.operations.MultipleBuildOperationFailures                   : loaded 2 times (x 91B)
Class org.gradle.internal.classloader.DefaultClassLoaderFactory                       : loaded 2 times (x 78B)
Class kotlin.collections.AbstractList$Companion                                       : loaded 2 times (x 67B)
Class org.gradle.internal.classloader.ClassLoaderVisitor                              : loaded 2 times (x 72B)
Class org.gradle.api.internal.classpath.EffectiveClassPath                            : loaded 2 times (x 86B)
Class org.gradle.tooling.internal.gradle.DefaultProjectIdentifier                     : loaded 2 times (x 82B)
Class org.gradle.api.internal.DefaultClassPathProvider                                : loaded 2 times (x 72B)
Class [Lorg.gradle.api.internal.ClassPathProvider;                                    : loaded 2 times (x 65B)
Class org.gradle.api.internal.ClassPathProvider                                       : loaded 2 times (x 66B)
Class jdk.internal.jrtfs.SystemImage                                                  : loaded 2 times (x 70B)
Class org.gradle.internal.service.UnknownServiceException                             : loaded 2 times (x 79B)
Class org.jetbrains.kotlin.idea.gradleTooling.KotlinDslScriptAdditionalTask           : loaded 2 times (x 66B)
Class org.gradle.internal.classpath.TransformedClassPath                              : loaded 2 times (x 92B)
Class org.gradle.internal.classloader.InstrumentingClassLoader                        : loaded 2 times (x 66B)
Class jdk.internal.jrtfs.SystemImage$1                                                : loaded 2 times (x 74B)
Class kotlin.enums.EnumEntriesList                                                    : loaded 2 times (x 219B)
Class jdk.internal.jrtfs.SystemImage$2                                                : loaded 2 times (x 72B)
Class org.jetbrains.kotlin.idea.gradleTooling.KotlinSourceSetContainer                : loaded 2 times (x 66B)
Class org.gradle.internal.classloader.FilteringClassLoader                            : loaded 2 times (x 101B)
Class org.gradle.internal.service.ServiceLocator                                      : loaded 2 times (x 66B)
Class jdk.internal.jrtfs.JrtFileSystemProvider                                        : loaded 2 times (x 97B)
Class org.gradle.tooling.model.UnsupportedMethodException                             : loaded 2 times (x 78B)
Class com.intellij.compose.ide.plugin.gradleTooling.rt.ComposeResourcesModel          : loaded 2 times (x 66B)
Class jdk.internal.jimage.ImageLocation                                               : loaded 2 times (x 86B)
Class jdk.internal.jrtfs.JrtDirectoryStream$1                                         : loaded 2 times (x 79B)
Class org.gradle.internal.InternalTransformer                                         : loaded 2 times (x 66B)
Class jdk.internal.jimage.ImageBufferCache$1                                          : loaded 2 times (x 79B)
Class org.gradle.internal.time.DefaultTimer                                           : loaded 2 times (x 76B)
Class org.gradle.internal.classloader.ClasspathUtil$1                                 : loaded 2 times (x 72B)
Class jdk.internal.jimage.ImageBufferCache$2                                          : loaded 2 times (x 87B)
Class org.gradle.api.internal.classpath.DefaultModuleRegistry$DefaultModule           : loaded 2 times (x 82B)
Class org.gradle.internal.time.DefaultCountdownTimer                                  : loaded 2 times (x 84B)
Class org.gradle.tooling.internal.gradle.DefaultBuildIdentifier                       : loaded 2 times (x 75B)
Class kotlin.Function                                                                 : loaded 2 times (x 66B)
Class org.gradle.api.internal.classpath.Module                                        : loaded 2 times (x 66B)
Class org.gradle.api.internal.classpath.UnknownModuleException                        : loaded 2 times (x 78B)
Class jdk.internal.jimage.ImageHeader                                                 : loaded 2 times (x 67B)
Class com.intellij.openapi.externalSystem.model.project.dependencies.ProjectDependencies: loaded 2 times (x 66B)
Class org.gradle.tooling.internal.gradle.GradleProjectIdentity                        : loaded 2 times (x 66B)
Class org.gradle.api.internal.DefaultClassPathRegistry                                : loaded 2 times (x 72B)
Class org.gradle.api.internal.ClassPathRegistry                                       : loaded 2 times (x 66B)
Class org.gradle.internal.classpath.DefaultClassPath$ImmutableUniqueList              : loaded 2 times (x 195B)
Class jdk.internal.jimage.decompressor.ResourceDecompressor                           : loaded 2 times (x 66B)
Class org.jetbrains.plugins.gradle.model.IntelliJSettings                             : loaded 2 times (x 66B)
Class Settings_gradle$1                                                               : loaded 2 times (x 70B)
Class org.gradle.internal.classpath.ClassPath                                         : loaded 2 times (x 66B)
Class org.gradle.api.UncheckedIOException                                             : loaded 2 times (x 78B)
Class org.jetbrains.kotlin.idea.gradleTooling.KotlinGradleModel                       : loaded 2 times (x 66B)
Class jdk.internal.jimage.ImageStringsReader                                          : loaded 2 times (x 76B)
Class org.gradle.tooling.model.Model                                                  : loaded 2 times (x 66B)
Class kotlin.UninitializedPropertyAccessException                                     : loaded 2 times (x 78B)
Class jdk.internal.jimage.ImageReader                                                 : loaded 2 times (x 71B)
Class org.jetbrains.plugins.gradle.model.IntelliJProjectSettings                      : loaded 2 times (x 66B)
Class jdk.internal.jimage.ImageReader$SharedImageReader                               : loaded 2 times (x 91B)
Class org.gradle.internal.installation.GradleInstallation$1                           : loaded 2 times (x 71B)
Class org.gradle.api.internal.classpath.ModuleRegistry                                : loaded 2 times (x 66B)
Class jdk.internal.jimage.decompressor.ResourceDecompressorFactory                    : loaded 2 times (x 70B)
Class org.jetbrains.plugins.gradle.model.VersionCatalogsModel                         : loaded 2 times (x 66B)
Class jdk.internal.jimage.ImageReader$Node                                            : loaded 2 times (x 80B)
Class org.gradle.api.internal.classpath.DefaultModuleRegistry                         : loaded 2 times (x 82B)
Class jdk.internal.jimage.BasicImageReader$1                                          : loaded 2 times (x 73B)
Class jdk.internal.jimage.decompressor.Decompressor                                   : loaded 2 times (x 68B)
Class jdk.internal.jimage.ImageReader$Resource                                        : loaded 2 times (x 80B)
Class org.gradle.internal.time.MonotonicClock                                         : loaded 2 times (x 73B)
Class org.gradle.internal.service.ServiceLookupException                              : loaded 2 times (x 78B)
Class jdk.internal.jrtfs.JrtFileAttributes                                            : loaded 2 times (x 79B)
Class org.gradle.internal.classloader.ClassLoaderFactory                              : loaded 2 times (x 66B)
Class org.gradle.internal.service.CachingServiceLocator                               : loaded 2 times (x 78B)
Class org.jetbrains.plugins.gradle.model.RepositoryModels                             : loaded 2 times (x 66B)
Class org.gradle.internal.time.TimeSource                                             : loaded 2 times (x 66B)
Class org.gradle.tooling.internal.gradle.GradleBuildIdentity                          : loaded 2 times (x 66B)
Class kotlin.enums.EnumEntries                                                        : loaded 2 times (x 66B)
Class org.gradle.internal.exceptions.ResolutionProvider                               : loaded 2 times (x 66B)
Class jdk.internal.jimage.ImageBufferCache                                            : loaded 2 times (x 67B)
Class jdk.internal.jrtfs.JrtPath                                                      : loaded 2 times (x 114B)
Class org.gradle.tooling.model.ProjectIdentifier                                      : loaded 2 times (x 66B)
Class org.gradle.internal.classloader.ClasspathUtil                                   : loaded 2 times (x 67B)
Class org.gradle.internal.time.TimeSource$1                                           : loaded 2 times (x 73B)
Class kotlin.jvm.internal.DefaultConstructorMarker                                    : loaded 2 times (x 67B)
Class org.gradle.api.specs.Spec                                                       : loaded 2 times (x 66B)
Class jdk.internal.jimage.ImageReader$SharedImageReader$LocationVisitor               : loaded 2 times (x 66B)
Class jdk.internal.jimage.decompressor.ResourceDecompressorRepository                 : loaded 2 times (x 67B)
Class org.gradle.internal.time.Clock                                                  : loaded 2 times (x 66B)
Class jdk.internal.jimage.ImageReader$Directory                                       : loaded 2 times (x 80B)
Class kotlin.collections.AbstractList                                                 : loaded 2 times (x 193B)
Class kotlin.collections.AbstractCollection                                           : loaded 2 times (x 113B)
Class sync_studio_tooling3062_dxdkqcpkwn9g636i7b16zxiba                               : loaded 2 times (x 175B)
Class org.gradle.internal.classloader.VisitableURLClassLoader$InstrumentingVisitableURLClassLoader: loaded 2 times (x 119B)
Class org.gradle.internal.classloader.VisitableURLClassLoader$Spec                    : loaded 2 times (x 70B)
Class org.gradle.internal.classpath.DefaultClassPath                                  : loaded 2 times (x 86B)
Class jdk.internal.jimage.decompressor.ZipDecompressorFactory                         : loaded 2 times (x 70B)
Class org.gradle.internal.classloader.ClassLoaderSpec                                 : loaded 2 times (x 67B)
Class Settings_gradle$1$1                                                             : loaded 2 times (x 70B)
Class kotlin.Unit                                                                     : loaded 2 times (x 67B)
Class org.gradle.internal.classloader.VisitableURLClassLoader                         : loaded 2 times (x 113B)
Class Settings_gradle                                                                 : loaded 2 times (x 124B)
Class org.gradle.internal.Cast                                                        : loaded 2 times (x 67B)
Class org.gradle.api.Action                                                           : loaded 2 times (x 66B)
Class jdk.internal.jimage.decompressor.ZipDecompressor                                : loaded 2 times (x 71B)
Class kotlin.jvm.functions.Function1                                                  : loaded 2 times (x 66B)
Class org.gradle.internal.classpath.DefaultClassPath$ImmutableUniqueList$Builder      : loaded 2 times (x 71B)
Class kotlin.NotImplementedError                                                      : loaded 2 times (x 78B)
Class org.gradle.internal.exceptions.NonGradleCauseExceptionsHolder                   : loaded 2 times (x 66B)
Class jdk.internal.jimage.ImageStrings                                                : loaded 2 times (x 66B)
Class org.jetbrains.plugins.gradle.tooling.ModelBuilderService$Parameter              : loaded 2 times (x 66B)
Class kotlin.enums.EnumEntriesKt                                                      : loaded 2 times (x 67B)
Class org.gradle.internal.IoActions                                                   : loaded 2 times (x 67B)
Class org.gradle.internal.classloader.SystemClassLoaderSpec                           : loaded 2 times (x 67B)
Class org.gradle.internal.exceptions.MultiCauseException                              : loaded 2 times (x 66B)
Class org.gradle.internal.time.CountdownTimer                                         : loaded 2 times (x 66B)
Class kotlin.jvm.internal.Intrinsics                                                  : loaded 2 times (x 67B)
Class jdk.internal.jrtfs.JrtFileSystem                                                : loaded 2 times (x 98B)
Class org.gradle.tooling.model.ProjectModel                                           : loaded 2 times (x 66B)
Class jdk.internal.jimage.decompressor.CompressedResourceHeader                       : loaded 2 times (x 67B)
Class kotlin.KotlinNullPointerException                                               : loaded 2 times (x 79B)
Class org.jetbrains.plugins.gradle.model.tests.ExternalTestsModel                     : loaded 2 times (x 66B)
Class ijInit2_a36u64nuwaxlbt4xxxyae315n                                               : loaded 2 times (x 175B)
Class org.gradle.internal.exceptions.DefaultMultiCauseException                       : loaded 2 times (x 91B)
Class org.gradle.internal.time.Time                                                   : loaded 2 times (x 67B)
Class org.jetbrains.plugins.gradle.model.DependencyAccessorsModel                     : loaded 2 times (x 66B)
Class org.gradle.api.internal.classpath.GlobalCacheRootsProvider                      : loaded 2 times (x 66B)
Class org.jetbrains.kotlin.idea.gradleTooling.KotlinMPPGradleModel                    : loaded 2 times (x 66B)
Class org.gradle.tooling.model.BuildIdentifier                                        : loaded 2 times (x 66B)
Class org.jetbrains.kotlin.idea.gradleTooling.PrepareKotlinIdeImportTaskModel         : loaded 2 times (x 66B)
Class org.gradle.internal.time.Timer                                                  : loaded 2 times (x 66B)
Class kotlin.jvm.internal.markers.KMappedMarker                                       : loaded 2 times (x 66B)
Class org.gradle.internal.installation.CurrentGradleInstallationLocator               : loaded 2 times (x 67B)
Class org.gradle.internal.service.DefaultServiceLocator                               : loaded 2 times (x 79B)
Class jdk.internal.jrtfs.JrtDirectoryStream                                           : loaded 2 times (x 85B)
Class org.gradle.util.GradleVersion                                                   : loaded 2 times (x 75B)
Class org.gradle.internal.installation.CurrentGradleInstallation                      : loaded 2 times (x 69B)
Class org.jetbrains.plugins.gradle.javaModel.JavaGradleManifestModel                  : loaded 2 times (x 66B)
Class org.gradle.util.internal.GUtil                                                  : loaded 2 times (x 67B)
Class org.gradle.internal.installation.GradleInstallation                             : loaded 2 times (x 71B)
Class jdk.internal.jimage.decompressor.ResourceDecompressor$StringsProvider           : loaded 2 times (x 66B)

---------------  S Y S T E M  ---------------

OS:
 Windows 11 , 64 bit Build 22621 (10.0.22621.5415)
OS uptime: 0 days 0:44 hours
Hyper-V role detected

CPU: total 8 (initial active 8) (4 cores per cpu, 2 threads per core) family 6 model 126 stepping 5 microcode 0xb0, cx8, cmov, fxsr, ht, mmx, 3dnowpref, sse, sse2, sse3, ssse3, sse4.1, sse4.2, popcnt, lzcnt, tsc, tscinvbit, avx, avx2, aes, erms, clmul, bmi1, bmi2, adx, avx512f, avx512dq, avx512cd, avx512bw, avx512vl, sha, fma, vzeroupper, avx512_vpopcntdq, avx512_vpclmulqdq, avx512_vaes, avx512_vnni, clflush, clflushopt, avx512_vbmi2, avx512_vbmi, hv, rdtscp, rdpid, fsrm, gfni, avx512_bitalg, f16c, avx512_ifma
Processor Information for the first 8 processors :
  Max Mhz: 1498, Current Mhz: 1098, Mhz Limit: 1093

Memory: 4k page, system-wide physical 7987M (448M free)
TotalPageFile size 23347M (AvailPageFile size 9470M)
current process WorkingSet (physical memory assigned to process): 574M, peak: 577M
current process commit charge ("private bytes"): 611M, peak: 614M

vm_info: OpenJDK 64-Bit Server VM (21.0.6+-13391695-b895.109) for windows-amd64 JRE (21.0.6+-13391695-b895.109), built on 2025-04-22T21:19:17Z by "builder" with MS VC++ 16.10 / 16.11 (VS2019)

END.
