#
# A fatal error has been detected by the Java Runtime Environment:
#
#  EXCEPTION_ACCESS_VIOLATION (0xc0000005) at pc=0x00007ffa865f90c0, pid=23748, tid=19356
#
# JRE version: OpenJDK Runtime Environment (21.0.6) (build 21.0.6+-13391695-b895.109)
# Java VM: OpenJDK 64-Bit Server VM (21.0.6+-13391695-b895.109, mixed mode, tiered, compressed oops, compressed class ptrs, g1 gc, windows-amd64)
# Problematic frame:
# V  [jvm.dll+0x90c0]
#
# No core dump will be written. Minidumps are not enabled by default on client versions of Windows
#
# If you would like to submit a bug report, please visit:
#   https://youtrack.jetbrains.com/issues/JBR
#

---------------  S U M M A R Y ------------

Command Line: --add-opens=java.base/java.lang=ALL-UNNAMED --add-opens=java.base/java.lang.invoke=ALL-UNNAMED --add-opens=java.base/java.util=ALL-UNNAMED --add-opens=java.prefs/java.util.prefs=ALL-UNNAMED --add-exports=jdk.compiler/com.sun.tools.javac.api=ALL-UNNAMED --add-exports=jdk.compiler/com.sun.tools.javac.util=ALL-UNNAMED --add-opens=java.base/java.util=ALL-UNNAMED --add-opens=java.prefs/java.util.prefs=ALL-UNNAMED --add-opens=java.base/java.nio.charset=ALL-UNNAMED --add-opens=java.base/java.net=ALL-UNNAMED --add-opens=java.base/java.util.concurrent.atomic=ALL-UNNAMED --add-opens=java.xml/javax.xml.namespace=ALL-UNNAMED -Xmx2048m -Dfile.encoding=UTF-8 -Duser.country=ID -Duser.language=en -Duser.variant -javaagent:C:\Users\USER\.gradle\wrapper\dists\gradle-8.13-bin\5xuhj0ry160q40clulazy9h7d\gradle-8.13\lib\agents\gradle-instrumentation-agent-8.13.jar org.gradle.launcher.daemon.bootstrap.GradleDaemon 8.13

Host: Intel(R) Core(TM) i5-1035G4 CPU @ 1.10GHz, 8 cores, 7G,  Windows 11 , 64 bit Build 22621 (10.0.22621.5415)
Time: Wed Aug 27 13:07:01 2025 SE Asia Standard Time elapsed time: 40.633429 seconds (0d 0h 0m 40s)

---------------  T H R E A D  ---------------

Current thread (0x000001b977104cf0):  JavaThread "C2 CompilerThread0" daemon [_thread_in_native, id=19356, stack(0x000000851c900000,0x000000851ca00000) (1024K)]


Current CompileTask:
C2:40633 22650   !   4       java.io.ObjectOutputStream::writeSerialData (223 bytes)

Stack: [0x000000851c900000,0x000000851ca00000],  sp=0x000000851c9fc428,  free space=1009k
Native frames: (J=compiled Java code, j=interpreted, Vv=VM code, C=native code)
V  [jvm.dll+0x90c0]
C  0x000001b9128d733c


siginfo: EXCEPTION_ACCESS_VIOLATION (0xc0000005), writing address 0x0000000000000001


Registers:
RAX=0x0000000000000001, RBX=0x0000000000000001, RCX=0x000001b90aaf95b8, RDX=0x000000851c9fcd20
RSP=0x000000851c9fc428, RBP=0x0000000000000000, RSI=0x0000000000000010, RDI=0x0000000000000000
R8 =0x000001b90aaf9528, R9 =0x0000000000000002, R10=0x00007ffa86ea3c08, R11=0x000000851c9fc530
R12=0x000000851c9fcd20, R13=0x000001b90aaf9528, R14=0x000001b90aaf95b8, R15=0x0000000000000078
RIP=0x00007ffa865f90c0, EFLAGS=0x0000000000010246

XMM[0]=0x0000000000000000 0x0000000000000000
XMM[1]=0x0000000000000000 0x0000000000000000
XMM[2]=0x0000000000000000 0x3ff06f034e9a27b2
XMM[3]=0x0000000000000000 0x0000000000000000
XMM[4]=0x0000000000000000 0x0000000000000000
XMM[5]=0x24232221201f1e1d 0x1c1b1a1918171615
XMM[6]=0x0000000000000000 0x0000000000000000
XMM[7]=0x0000000000000000 0x0000000000000000
XMM[8]=0x0000000000000000 0x0000000000000000
XMM[9]=0x0000000000000000 0x0000000000000000
XMM[10]=0x0000000000000000 0x0000000000000000
XMM[11]=0x0000000000000000 0x0000000000000000
XMM[12]=0x0000000000000000 0x0000000000000000
XMM[13]=0x0000000000000000 0x0000000000000000
XMM[14]=0x0000000000000000 0x0000000000000000
XMM[15]=0x0000000000000000 0x0000000000000000
  MXCSR=0x00001fa0


Register to memory mapping:

RAX=0x0000000000000001 is an unknown value
RBX=0x0000000000000001 is an unknown value
RCX=0x000001b90aaf95b8 points into unknown readable memory: 0x00007ffa86ea3c08 | 08 3c ea 86 fa 7f 00 00
RDX=0x000000851c9fcd20 is pointing into the stack for thread: 0x000001b977104cf0
RSP=0x000000851c9fc428 is pointing into the stack for thread: 0x000001b977104cf0
RBP=0x0 is null
RSI=0x0000000000000010 is an unknown value
RDI=0x0 is null
R8 =0x000001b90aaf9528 points into unknown readable memory: 0x00007ffa86eafd20 | 20 fd ea 86 fa 7f 00 00
R9 =0x0000000000000002 is an unknown value
R10=0x00007ffa86ea3c08 jvm.dll
R11=0x000000851c9fc530 is pointing into the stack for thread: 0x000001b977104cf0
R12=0x000000851c9fcd20 is pointing into the stack for thread: 0x000001b977104cf0
R13=0x000001b90aaf9528 points into unknown readable memory: 0x00007ffa86eafd20 | 20 fd ea 86 fa 7f 00 00
R14=0x000001b90aaf95b8 points into unknown readable memory: 0x00007ffa86ea3c08 | 08 3c ea 86 fa 7f 00 00
R15=0x0000000000000078 is an unknown value

Top of Stack: (sp=0x000000851c9fc428)
0x000000851c9fc428:   00007ffa8663229c 0000000000000000
0x000000851c9fc438:   000000000000000b 000000000000000c
0x000000851c9fc448:   0000000000000004 000000000000000c
0x000000851c9fc458:   0000000000000000 00007ffa86e92bf8
0x000000851c9fc468:   000000851c9fc590 000000851c9fc668
0x000000851c9fc478:   00007ffa00000000 0000000000000000
0x000000851c9fc488:   ffffffff00000005 0000000000000001
0x000000851c9fc498:   00007ffa866117aa 000000851c9fd280
0x000000851c9fc4a8:   000001b977834030 000001b9128d733c
0x000000851c9fc4b8:   0000000000000000 000001b96a263e00
0x000000851c9fc4c8:   00007ffa8681c8cc 000000851c9fd280
0x000000851c9fc4d8:   000001b90aaf9528 000001b9128d7340
0x000000851c9fc4e8:   0000000000000000 000001b96a263e00
0x000000851c9fc4f8:   00007ffa86cc87ca 0000000000000002
0x000000851c9fc508:   000000851c9fc600 000001b96a2656c0
0x000000851c9fc518:   000001b96a2656c0 0000000000000000
0x000000851c9fc528:   0000000000000000 00007ffa86f1ccf0
0x000000851c9fc538:   000001b96a2646c0 0000000000000000
0x000000851c9fc548:   000001b96a2646c0 000001b96a2656c0
0x000000851c9fc558:   000001b96a2656c0 000001b96a2656c0
0x000000851c9fc568:   000001b96a265714 000001b96a2646c0
0x000000851c9fc578:   0000000000000100 0000000000000000
0x000000851c9fc588:   000000851c9fc530 000001b96a263e00
0x000000851c9fc598:   0000000000000000 000001b96a263e00
0x000000851c9fc5a8:   000001b96a264600 000001b96a265718
0x000000851c9fc5b8:   000001b96a265718 000001b96a265768
0x000000851c9fc5c8:   000001b96a263e00 000000005d490100
0x000000851c9fc5d8:   00007ffb277e3801 000000851c9fc530
0x000000851c9fc5e8:   000001b96a264620 0000000000000000
0x000000851c9fc5f8:   000001b96a264620 000001b96a2646a0
0x000000851c9fc608:   000001b96a265768 000001b96a265768
0x000000851c9fc618:   000001b96a2657bc 000001b96a264620 

Instructions: (pc=0x00007ffa865f90c0)
0x00007ffa865f8fc0:   03 03 03 03 03 03 03 03 03 03 03 03 03 03 03 03
0x00007ffa865f8fd0:   03 03 03 03 03 03 03 03 03 03 03 03 03 03 03 03
0x00007ffa865f8fe0:   03 03 03 03 03 03 03 03 01 01 01 01 02 cc cc cc
0x00007ffa865f8ff0:   48 83 ec 28 0f b6 02 3d ca 00 00 00 75 05 e8 8d
0x00007ffa865f9000:   13 14 00 48 98 48 8d 0d 04 94 92 00 81 3c 81 bf
0x00007ffa865f9010:   00 00 00 75 0c 48 8b 05 9c b1 b7 00 48 83 c4 28
0x00007ffa865f9020:   c3 33 d2 8d 4a 09 48 83 c4 28 e9 c1 56 7d 00 cc
0x00007ffa865f9030:   48 8b 05 21 b0 b7 00 48 89 05 22 b0 b7 00 48 89
0x00007ffa865f9040:   05 23 b0 b7 00 48 89 05 24 b0 b7 00 48 89 05 25
0x00007ffa865f9050:   b0 b7 00 48 89 05 26 b0 b7 00 48 89 05 27 b0 b7
0x00007ffa865f9060:   00 48 89 05 28 b0 b7 00 c3 cc cc cc cc cc cc cc
0x00007ffa865f9070:   48 89 5c 24 08 48 89 74 24 10 55 57 41 54 41 56
0x00007ffa865f9080:   41 57 48 8b ec 48 83 ec 60 48 63 fa 4c 8b f9 48
0x00007ffa865f9090:   8b d1 48 8d 4d d0 e8 05 b0 13 00 4c 8b 4d d0 4c
0x00007ffa865f90a0:   8d 25 5a 6f ff ff 49 8b 41 08 44 0f b7 40 22 89
0x00007ffa865f90b0:   7d e4 44 89 45 e8 89 7d e0 41 3b f8 0f 8d e3 01
0x00007ffa865f90c0:   00 00 4d 8b 71 08 49 83 c6 38 4c 03 f7 41 0f b6
0x00007ffa865f90d0:   36 81 fe ca 00 00 00 75 14 49 8b d6 49 8b c9 e8
0x00007ffa865f90e0:   ac 12 14 00 4c 8b 4d d0 8b f0 8b 7d e0 48 63 ce
0x00007ffa865f90f0:   49 63 9c 8c 10 24 93 00 81 fb ee 00 00 00 0f 87
0x00007ffa865f9100:   a1 01 00 00 42 0f b6 84 23 20 23 93 00 83 e0 0f
0x00007ffa865f9110:   75 51 45 0f b6 16 41 81 fa ca 00 00 00 75 15 49
0x00007ffa865f9120:   8b d6 49 8b c9 e8 66 12 14 00 4c 8b 4d d0 44 8b
0x00007ffa865f9130:   d0 8b 7d e0 41 81 fa ee 00 00 00 77 11 49 63 ca
0x00007ffa865f9140:   42 0f b6 84 21 20 23 93 00 83 e0 0f 77 1d 45 33
0x00007ffa865f9150:   c0 49 8b d6 41 8b ca e8 54 13 14 00 4c 8b 4d d0
0x00007ffa865f9160:   8b 7d e0 85 c0 0f 8e 3a 01 00 00 8b 4d e8 2b c8
0x00007ffa865f9170:   3b f9 0f 8f 2d 01 00 00 8b cf 2b c8 3b 4d e4 0f
0x00007ffa865f9180:   8d 20 01 00 00 01 45 e4 c6 45 f0 00 81 fb c4 00
0x00007ffa865f9190:   00 00 75 0b 41 0f b6 76 01 8b de c6 45 f0 01 8d
0x00007ffa865f91a0:   83 4a ff ff ff 89 75 ec 89 5d f8 83 f8 04 0f 87
0x00007ffa865f91b0:   fc 00 00 00 49 8b 07 48 8b 48 08 48 8b 71 08 48 


Stack slot to memory mapping:

stack at sp + 0 slots: 0x00007ffa8663229c jvm.dll
stack at sp + 1 slots: 0x0 is null
stack at sp + 2 slots: 0x000000000000000b is an unknown value
stack at sp + 3 slots: 0x000000000000000c is an unknown value
stack at sp + 4 slots: 0x0000000000000004 is an unknown value
stack at sp + 5 slots: 0x000000000000000c is an unknown value
stack at sp + 6 slots: 0x0 is null
stack at sp + 7 slots: 0x00007ffa86e92bf8 jvm.dll


---------------  P R O C E S S  ---------------

Threads class SMR info:
_java_thread_list=0x000001b9114e2c00, length=123, elements={
0x000001b95d4c2220, 0x000001b9770e23b0, 0x000001b9770ac130, 0x000001b9770f56e0,
0x000001b9770f6220, 0x000001b9770f7c80, 0x000001b9770f86d0, 0x000001b977104cf0,
0x000001b9771058b0, 0x000001b977234df0, 0x000001b9773eaf60, 0x000001b97d2de020,
0x000001b97d160b80, 0x000001b97d0a5cf0, 0x000001b97d0d8280, 0x000001b97d0d88e0,
0x000001b97d1cd650, 0x000001b97d2ecef0, 0x000001b97d3a89a0, 0x000001b97d3a6e10,
0x000001b97d3a60f0, 0x000001b97d3a5a60, 0x000001b97d3a4020, 0x000001b97d3a6780,
0x000001b97d3a3990, 0x000001b97d3a46b0, 0x000001b97d3a4d40, 0x000001b97d3a53d0,
0x000001b97e1f2210, 0x000001b97e1f0e60, 0x000001b97e1f42e0, 0x000001b97e1f6a40,
0x000001b97e1f0140, 0x000001b97e1f70d0, 0x000001b97e1f5d20, 0x000001b97e1f63b0,
0x000001b97e1f1b80, 0x000001b97e1f5690, 0x000001b97e1f35c0, 0x000001b97e1f3c50,
0x000001b97e1f14f0, 0x000001b97e40fb50, 0x000001b97e4101e0, 0x000001b97e40b320,
0x000001b97e40ac90, 0x000001b97e40e7a0, 0x000001b97e410f00, 0x000001b97e40d3f0,
0x000001b97e409f70, 0x000001b97e40f4c0, 0x000001b97e411590, 0x000001b97e40a600,
0x000001b97e40b9b0, 0x000001b97e40c6d0, 0x000001b97e40cd60, 0x000001b97e40da80,
0x000001b97e40e110, 0x000001b902134130, 0x000001b90a535130, 0x000001b90a535e50,
0x000001b90a5357c0, 0x000001b90a5364e0, 0x000001b90a5392d0, 0x000001b90a533d80,
0x000001b90a534410, 0x000001b97e1f5000, 0x000001b97e1f28a0, 0x000001b9023dc1e0,
0x000001b900594e10, 0x000001b900590c70, 0x000001b9005961c0, 0x000001b900592020,
0x000001b9023d86d0, 0x000001b90add8b70, 0x000001b90add56f0, 0x000001b90add84e0,
0x000001b90add9200, 0x000001b90add7130, 0x000001b90add5060, 0x000001b9005926b0,
0x000001b90bc946f0, 0x000001b901e087a0, 0x000001b901e0ea10, 0x000001b901e094c0,
0x000001b901e0a1e0, 0x000001b901e08e30, 0x000001b901e0a870, 0x000001b901e0af00,
0x000001b901e0c2b0, 0x000001b901e0f0a0, 0x000001b901e0b590, 0x000001b901e11800,
0x000001b90a3b4520, 0x000001b90a3b5240, 0x000001b90a3b2450, 0x000001b90a3af660,
0x000001b90a3abb50, 0x000001b90a3adc20, 0x000001b90a3ab4c0, 0x000001b90a3b1dc0,
0x000001b90a3aefd0, 0x000001b90a3b0380, 0x000001b90a3ac870, 0x000001b90a3afcf0,
0x000001b90a3b3170, 0x000001b90a3ad590, 0x000001b90a3b10a0, 0x000001b90a3ac1e0,
0x000001b90a3b2ae0, 0x000001b90a3b0a10, 0x000001b90a3b3800, 0x000001b90a3b3e90,
0x000001b90a3ae2b0, 0x000001b90a3b86c0, 0x000001b90a3b8d50, 0x000001b90a3b58d0,
0x000001b90a3b6c80, 0x000001b90a3b93e0, 0x000001b90a3b9a70, 0x000001b901e0c940,
0x000001b901e0bc20, 0x000001b901e13240, 0x000001b901e138d0
}

Java Threads: ( => current thread )
  0x000001b95d4c2220 JavaThread "main"                              [_thread_blocked, id=13740, stack(0x000000851bb00000,0x000000851bc00000) (1024K)]
  0x000001b9770e23b0 JavaThread "Reference Handler"          daemon [_thread_blocked, id=22204, stack(0x000000851c300000,0x000000851c400000) (1024K)]
  0x000001b9770ac130 JavaThread "Finalizer"                  daemon [_thread_blocked, id=13348, stack(0x000000851c400000,0x000000851c500000) (1024K)]
  0x000001b9770f56e0 JavaThread "Signal Dispatcher"          daemon [_thread_blocked, id=8004, stack(0x000000851c500000,0x000000851c600000) (1024K)]
  0x000001b9770f6220 JavaThread "Attach Listener"            daemon [_thread_blocked, id=9644, stack(0x000000851c600000,0x000000851c700000) (1024K)]
  0x000001b9770f7c80 JavaThread "Service Thread"             daemon [_thread_blocked, id=9612, stack(0x000000851c700000,0x000000851c800000) (1024K)]
  0x000001b9770f86d0 JavaThread "Monitor Deflation Thread"   daemon [_thread_blocked, id=14104, stack(0x000000851c800000,0x000000851c900000) (1024K)]
=>0x000001b977104cf0 JavaThread "C2 CompilerThread0"         daemon [_thread_in_native, id=19356, stack(0x000000851c900000,0x000000851ca00000) (1024K)]
  0x000001b9771058b0 JavaThread "C1 CompilerThread0"         daemon [_thread_blocked, id=4164, stack(0x000000851ca00000,0x000000851cb00000) (1024K)]
  0x000001b977234df0 JavaThread "Common-Cleaner"             daemon [_thread_blocked, id=10052, stack(0x000000851cb00000,0x000000851cc00000) (1024K)]
  0x000001b9773eaf60 JavaThread "Notification Thread"        daemon [_thread_blocked, id=8444, stack(0x000000851cc00000,0x000000851cd00000) (1024K)]
  0x000001b97d2de020 JavaThread "Daemon health stats"               [_thread_blocked, id=8980, stack(0x000000851d500000,0x000000851d600000) (1024K)]
  0x000001b97d160b80 JavaThread "Incoming local TCP Connector on port 57738"        [_thread_in_native, id=3756, stack(0x000000851d600000,0x000000851d700000) (1024K)]
  0x000001b97d0a5cf0 JavaThread "Daemon periodic checks"            [_thread_blocked, id=5412, stack(0x000000851d700000,0x000000851d800000) (1024K)]
  0x000001b97d0d8280 JavaThread "Daemon"                            [_thread_blocked, id=17028, stack(0x000000851d800000,0x000000851d900000) (1024K)]
  0x000001b97d0d88e0 JavaThread "Handler for socket connection from /127.0.0.1:57738 to /127.0.0.1:57739"        [_thread_in_native, id=2744, stack(0x000000851d900000,0x000000851da00000) (1024K)]
  0x000001b97d1cd650 JavaThread "Cancel handler"                    [_thread_blocked, id=24380, stack(0x000000851da00000,0x000000851db00000) (1024K)]
  0x000001b97d2ecef0 JavaThread "Daemon worker"                     [_thread_blocked, id=4540, stack(0x000000851db00000,0x000000851dc00000) (1024K)]
  0x000001b97d3a89a0 JavaThread "Asynchronous log dispatcher for DefaultDaemonConnection: socket connection from /127.0.0.1:57738 to /127.0.0.1:57739"        [_thread_blocked, id=7460, stack(0x000000851dc00000,0x000000851dd00000) (1024K)]
  0x000001b97d3a6e10 JavaThread "Stdin handler"                     [_thread_blocked, id=14064, stack(0x000000851dd00000,0x000000851de00000) (1024K)]
  0x000001b97d3a60f0 JavaThread "Daemon client event forwarder"        [_thread_blocked, id=23516, stack(0x000000851de00000,0x000000851df00000) (1024K)]
  0x000001b97d3a5a60 JavaThread "Cache worker for journal cache (C:\Users\USER\.gradle\caches\journal-1)"        [_thread_blocked, id=21484, stack(0x000000851e000000,0x000000851e100000) (1024K)]
  0x000001b97d3a4020 JavaThread "File lock request listener"        [_thread_in_native, id=3380, stack(0x000000851e100000,0x000000851e200000) (1024K)]
  0x000001b97d3a6780 JavaThread "Cache worker for file hash cache (C:\Users\USER\.gradle\caches\8.13\fileHashes)"        [_thread_blocked, id=15796, stack(0x000000851e200000,0x000000851e300000) (1024K)]
  0x000001b97d3a3990 JavaThread "Cache worker for file hash cache (C:\Users\USER\AndroidStudioProjects\MyApplication\.gradle\8.13\fileHashes)"        [_thread_blocked, id=12232, stack(0x000000851e400000,0x000000851e500000) (1024K)]
  0x000001b97d3a46b0 JavaThread "Cache worker for Build Output Cleanup Cache (C:\Users\USER\AndroidStudioProjects\MyApplication\.gradle\buildOutputCleanup)"        [_thread_blocked, id=11016, stack(0x000000851e500000,0x000000851e600000) (1024K)]
  0x000001b97d3a4d40 JavaThread "File watcher server"        daemon [_thread_in_native, id=21368, stack(0x000000851e600000,0x000000851e700000) (1024K)]
  0x000001b97d3a53d0 JavaThread "File watcher consumer"      daemon [_thread_blocked, id=24052, stack(0x000000851e700000,0x000000851e800000) (1024K)]
  0x000001b97e1f2210 JavaThread "jar transforms"                    [_thread_blocked, id=24148, stack(0x000000851e800000,0x000000851e900000) (1024K)]
  0x000001b97e1f0e60 JavaThread "jar transforms Thread 2"           [_thread_blocked, id=9868, stack(0x000000851e900000,0x000000851ea00000) (1024K)]
  0x000001b97e1f42e0 JavaThread "jar transforms Thread 3"           [_thread_blocked, id=24400, stack(0x000000851ea00000,0x000000851eb00000) (1024K)]
  0x000001b97e1f6a40 JavaThread "jar transforms Thread 4"           [_thread_blocked, id=24080, stack(0x000000851eb00000,0x000000851ec00000) (1024K)]
  0x000001b97e1f0140 JavaThread "jar transforms Thread 5"           [_thread_blocked, id=13596, stack(0x000000851ec00000,0x000000851ed00000) (1024K)]
  0x000001b97e1f70d0 JavaThread "jar transforms Thread 6"           [_thread_blocked, id=19948, stack(0x000000851ed00000,0x000000851ee00000) (1024K)]
  0x000001b97e1f5d20 JavaThread "jar transforms Thread 7"           [_thread_blocked, id=24048, stack(0x000000851ee00000,0x000000851ef00000) (1024K)]
  0x000001b97e1f63b0 JavaThread "jar transforms Thread 8"           [_thread_blocked, id=22284, stack(0x000000851ef00000,0x000000851f000000) (1024K)]
  0x000001b97e1f1b80 JavaThread "Cache worker for checksums cache (C:\Users\USER\AndroidStudioProjects\MyApplication\.gradle\8.13\checksums)"        [_thread_blocked, id=23912, stack(0x000000851f000000,0x000000851f100000) (1024K)]
  0x000001b97e1f5690 JavaThread "Cache worker for file content cache (C:\Users\USER\.gradle\caches\8.13\fileContent)"        [_thread_blocked, id=17568, stack(0x000000851f100000,0x000000851f200000) (1024K)]
  0x000001b97e1f35c0 JavaThread "Cache worker for cache directory md-supplier (C:\Users\USER\.gradle\caches\8.13\md-supplier)"        [_thread_blocked, id=1752, stack(0x000000851f200000,0x000000851f300000) (1024K)]
  0x000001b97e1f3c50 JavaThread "Cache worker for cache directory md-rule (C:\Users\USER\.gradle\caches\8.13\md-rule)"        [_thread_blocked, id=11692, stack(0x000000851f300000,0x000000851f400000) (1024K)]
  0x000001b97e1f14f0 JavaThread "Unconstrained build operations"        [_thread_blocked, id=5416, stack(0x000000851f400000,0x000000851f500000) (1024K)]
  0x000001b97e40fb50 JavaThread "Unconstrained build operations Thread 2"        [_thread_blocked, id=5252, stack(0x000000851f500000,0x000000851f600000) (1024K)]
  0x000001b97e4101e0 JavaThread "Unconstrained build operations Thread 3"        [_thread_blocked, id=20132, stack(0x000000851f600000,0x000000851f700000) (1024K)]
  0x000001b97e40b320 JavaThread "Unconstrained build operations Thread 4"        [_thread_blocked, id=19584, stack(0x000000851f700000,0x000000851f800000) (1024K)]
  0x000001b97e40ac90 JavaThread "Unconstrained build operations Thread 5"        [_thread_blocked, id=23372, stack(0x000000851f800000,0x000000851f900000) (1024K)]
  0x000001b97e40e7a0 JavaThread "Unconstrained build operations Thread 6"        [_thread_blocked, id=13808, stack(0x000000851f900000,0x000000851fa00000) (1024K)]
  0x000001b97e410f00 JavaThread "Unconstrained build operations Thread 7"        [_thread_blocked, id=1476, stack(0x000000851fa00000,0x000000851fb00000) (1024K)]
  0x000001b97e40d3f0 JavaThread "Unconstrained build operations Thread 8"        [_thread_blocked, id=14660, stack(0x000000851fb00000,0x000000851fc00000) (1024K)]
  0x000001b97e409f70 JavaThread "Unconstrained build operations Thread 9"        [_thread_blocked, id=17316, stack(0x000000851fc00000,0x000000851fd00000) (1024K)]
  0x000001b97e40f4c0 JavaThread "Unconstrained build operations Thread 10"        [_thread_blocked, id=18268, stack(0x000000851fd00000,0x000000851fe00000) (1024K)]
  0x000001b97e411590 JavaThread "Unconstrained build operations Thread 11"        [_thread_blocked, id=17236, stack(0x000000851fe00000,0x000000851ff00000) (1024K)]
  0x000001b97e40a600 JavaThread "Unconstrained build operations Thread 12"        [_thread_blocked, id=12028, stack(0x000000851ff00000,0x0000008520000000) (1024K)]
  0x000001b97e40b9b0 JavaThread "Unconstrained build operations Thread 13"        [_thread_blocked, id=17344, stack(0x0000008520000000,0x0000008520100000) (1024K)]
  0x000001b97e40c6d0 JavaThread "Unconstrained build operations Thread 14"        [_thread_blocked, id=21728, stack(0x0000008520100000,0x0000008520200000) (1024K)]
  0x000001b97e40cd60 JavaThread "Unconstrained build operations Thread 15"        [_thread_blocked, id=11332, stack(0x0000008520200000,0x0000008520300000) (1024K)]
  0x000001b97e40da80 JavaThread "Unconstrained build operations Thread 16"        [_thread_blocked, id=15972, stack(0x0000008520300000,0x0000008520400000) (1024K)]
  0x000001b97e40e110 JavaThread "Unconstrained build operations Thread 17"        [_thread_blocked, id=24056, stack(0x0000008520400000,0x0000008520500000) (1024K)]
  0x000001b902134130 JavaThread "Unconstrained build operations Thread 18"        [_thread_blocked, id=19388, stack(0x0000008520500000,0x0000008520600000) (1024K)]
  0x000001b90a535130 JavaThread "Unconstrained build operations Thread 19"        [_thread_blocked, id=23836, stack(0x0000008520600000,0x0000008520700000) (1024K)]
  0x000001b90a535e50 JavaThread "Unconstrained build operations Thread 20"        [_thread_blocked, id=21200, stack(0x0000008520700000,0x0000008520800000) (1024K)]
  0x000001b90a5357c0 JavaThread "Unconstrained build operations Thread 21"        [_thread_blocked, id=11716, stack(0x0000008520800000,0x0000008520900000) (1024K)]
  0x000001b90a5364e0 JavaThread "Unconstrained build operations Thread 22"        [_thread_blocked, id=10700, stack(0x0000008520900000,0x0000008520a00000) (1024K)]
  0x000001b90a5392d0 JavaThread "Unconstrained build operations Thread 23"        [_thread_blocked, id=22252, stack(0x0000008520a00000,0x0000008520b00000) (1024K)]
  0x000001b90a533d80 JavaThread "Unconstrained build operations Thread 24"        [_thread_blocked, id=22964, stack(0x0000008520b00000,0x0000008520c00000) (1024K)]
  0x000001b90a534410 JavaThread "Unconstrained build operations Thread 25"        [_thread_blocked, id=2904, stack(0x0000008520c00000,0x0000008520d00000) (1024K)]
  0x000001b97e1f5000 JavaThread "Unconstrained build operations Thread 26"        [_thread_blocked, id=8648, stack(0x0000008520d00000,0x0000008520e00000) (1024K)]
  0x000001b97e1f28a0 JavaThread "Unconstrained build operations Thread 27"        [_thread_blocked, id=9340, stack(0x0000008520e00000,0x0000008520f00000) (1024K)]
  0x000001b9023dc1e0 JavaThread "Unconstrained build operations Thread 28"        [_thread_blocked, id=16300, stack(0x0000008520f00000,0x0000008521000000) (1024K)]
  0x000001b900594e10 JavaThread "Unconstrained build operations Thread 29"        [_thread_blocked, id=21512, stack(0x0000008521000000,0x0000008521100000) (1024K)]
  0x000001b900590c70 JavaThread "Unconstrained build operations Thread 30"        [_thread_blocked, id=18880, stack(0x0000008521100000,0x0000008521200000) (1024K)]
  0x000001b9005961c0 JavaThread "Unconstrained build operations Thread 31"        [_thread_blocked, id=13604, stack(0x0000008521200000,0x0000008521300000) (1024K)]
  0x000001b900592020 JavaThread "Unconstrained build operations Thread 32"        [_thread_blocked, id=8220, stack(0x0000008521300000,0x0000008521400000) (1024K)]
  0x000001b9023d86d0 JavaThread "Unconstrained build operations Thread 33"        [_thread_blocked, id=22572, stack(0x0000008521400000,0x0000008521500000) (1024K)]
  0x000001b90add8b70 JavaThread "Unconstrained build operations Thread 34"        [_thread_blocked, id=10520, stack(0x0000008521500000,0x0000008521600000) (1024K)]
  0x000001b90add56f0 JavaThread "Unconstrained build operations Thread 35"        [_thread_blocked, id=8204, stack(0x0000008521600000,0x0000008521700000) (1024K)]
  0x000001b90add84e0 JavaThread "Unconstrained build operations Thread 36"        [_thread_blocked, id=20484, stack(0x0000008521700000,0x0000008521800000) (1024K)]
  0x000001b90add9200 JavaThread "Unconstrained build operations Thread 37"        [_thread_blocked, id=22188, stack(0x0000008521800000,0x0000008521900000) (1024K)]
  0x000001b90add7130 JavaThread "Unconstrained build operations Thread 38"        [_thread_blocked, id=8188, stack(0x0000008521900000,0x0000008521a00000) (1024K)]
  0x000001b90add5060 JavaThread "Unconstrained build operations Thread 39"        [_thread_blocked, id=21292, stack(0x0000008521a00000,0x0000008521b00000) (1024K)]
  0x000001b9005926b0 JavaThread "Memory manager"                    [_thread_blocked, id=23684, stack(0x000000851cd00000,0x000000851ce00000) (1024K)]
  0x000001b90bc946f0 JavaThread "build event listener"              [_thread_blocked, id=18932, stack(0x0000008521c00000,0x0000008521d00000) (1024K)]
  0x000001b901e087a0 JavaThread "included builds"                   [_thread_blocked, id=4072, stack(0x0000008521b00000,0x0000008521c00000) (1024K)]
  0x000001b901e0ea10 JavaThread "Execution worker"                  [_thread_blocked, id=14972, stack(0x0000008521d00000,0x0000008521e00000) (1024K)]
  0x000001b901e094c0 JavaThread "Execution worker Thread 2"         [_thread_blocked, id=12352, stack(0x0000008521e00000,0x0000008521f00000) (1024K)]
  0x000001b901e0a1e0 JavaThread "Execution worker Thread 3"         [_thread_blocked, id=2168, stack(0x0000008521f00000,0x0000008522000000) (1024K)]
  0x000001b901e08e30 JavaThread "Execution worker Thread 4"         [_thread_blocked, id=16256, stack(0x0000008522000000,0x0000008522100000) (1024K)]
  0x000001b901e0a870 JavaThread "Execution worker Thread 5"         [_thread_blocked, id=21232, stack(0x0000008522100000,0x0000008522200000) (1024K)]
  0x000001b901e0af00 JavaThread "Execution worker Thread 6"         [_thread_blocked, id=18128, stack(0x0000008522200000,0x0000008522300000) (1024K)]
  0x000001b901e0c2b0 JavaThread "Execution worker Thread 7"         [_thread_blocked, id=21496, stack(0x0000008522300000,0x0000008522400000) (1024K)]
  0x000001b901e0f0a0 JavaThread "Cache worker for execution history cache (C:\Users\USER\AndroidStudioProjects\MyApplication\.gradle\8.13\executionHistory)"        [_thread_blocked, id=12996, stack(0x0000008522400000,0x0000008522500000) (1024K)]
  0x000001b901e0b590 JavaThread "idea-tooling-model-converter"        [_thread_blocked, id=21256, stack(0x0000008522500000,0x0000008522600000) (1024K)]
  0x000001b901e11800 JavaThread "Unconstrained build operations Thread 40"        [_thread_blocked, id=23848, stack(0x0000008522600000,0x0000008522700000) (1024K)]
  0x000001b90a3b4520 JavaThread "Unconstrained build operations Thread 41"        [_thread_blocked, id=5944, stack(0x000000851b800000,0x000000851b900000) (1024K)]
  0x000001b90a3b5240 JavaThread "Unconstrained build operations Thread 42"        [_thread_blocked, id=3896, stack(0x0000008522700000,0x0000008522800000) (1024K)]
  0x000001b90a3b2450 JavaThread "Unconstrained build operations Thread 43"        [_thread_blocked, id=8604, stack(0x0000008522800000,0x0000008522900000) (1024K)]
  0x000001b90a3af660 JavaThread "Unconstrained build operations Thread 44"        [_thread_blocked, id=21244, stack(0x0000008522900000,0x0000008522a00000) (1024K)]
  0x000001b90a3abb50 JavaThread "Unconstrained build operations Thread 45"        [_thread_blocked, id=22592, stack(0x0000008522a00000,0x0000008522b00000) (1024K)]
  0x000001b90a3adc20 JavaThread "Unconstrained build operations Thread 46"        [_thread_blocked, id=17368, stack(0x0000008522b00000,0x0000008522c00000) (1024K)]
  0x000001b90a3ab4c0 JavaThread "Unconstrained build operations Thread 47"        [_thread_blocked, id=1444, stack(0x0000008522c00000,0x0000008522d00000) (1024K)]
  0x000001b90a3b1dc0 JavaThread "Unconstrained build operations Thread 48"        [_thread_blocked, id=14372, stack(0x0000008522d00000,0x0000008522e00000) (1024K)]
  0x000001b90a3aefd0 JavaThread "Unconstrained build operations Thread 49"        [_thread_blocked, id=16140, stack(0x0000008522e00000,0x0000008522f00000) (1024K)]
  0x000001b90a3b0380 JavaThread "Unconstrained build operations Thread 50"        [_thread_blocked, id=9588, stack(0x0000008522f00000,0x0000008523000000) (1024K)]
  0x000001b90a3ac870 JavaThread "Unconstrained build operations Thread 51"        [_thread_blocked, id=3624, stack(0x0000008523000000,0x0000008523100000) (1024K)]
  0x000001b90a3afcf0 JavaThread "Unconstrained build operations Thread 52"        [_thread_blocked, id=2220, stack(0x0000008523100000,0x0000008523200000) (1024K)]
  0x000001b90a3b3170 JavaThread "Unconstrained build operations Thread 53"        [_thread_blocked, id=23960, stack(0x0000008523200000,0x0000008523300000) (1024K)]
  0x000001b90a3ad590 JavaThread "Unconstrained build operations Thread 54"        [_thread_blocked, id=22512, stack(0x0000008523300000,0x0000008523400000) (1024K)]
  0x000001b90a3b10a0 JavaThread "Unconstrained build operations Thread 55"        [_thread_blocked, id=8840, stack(0x0000008523400000,0x0000008523500000) (1024K)]
  0x000001b90a3ac1e0 JavaThread "Unconstrained build operations Thread 56"        [_thread_blocked, id=8860, stack(0x0000008523500000,0x0000008523600000) (1024K)]
  0x000001b90a3b2ae0 JavaThread "Unconstrained build operations Thread 57"        [_thread_blocked, id=11828, stack(0x0000008523600000,0x0000008523700000) (1024K)]
  0x000001b90a3b0a10 JavaThread "Unconstrained build operations Thread 58"        [_thread_blocked, id=14620, stack(0x0000008523700000,0x0000008523800000) (1024K)]
  0x000001b90a3b3800 JavaThread "Unconstrained build operations Thread 59"        [_thread_blocked, id=20412, stack(0x0000008523800000,0x0000008523900000) (1024K)]
  0x000001b90a3b3e90 JavaThread "Unconstrained build operations Thread 60"        [_thread_blocked, id=18460, stack(0x0000008523900000,0x0000008523a00000) (1024K)]
  0x000001b90a3ae2b0 JavaThread "Unconstrained build operations Thread 61"        [_thread_blocked, id=22216, stack(0x0000008523a00000,0x0000008523b00000) (1024K)]
  0x000001b90a3b86c0 JavaThread "Unconstrained build operations Thread 62"        [_thread_blocked, id=22916, stack(0x0000008523b00000,0x0000008523c00000) (1024K)]
  0x000001b90a3b8d50 JavaThread "Unconstrained build operations Thread 63"        [_thread_blocked, id=17504, stack(0x0000008523c00000,0x0000008523d00000) (1024K)]
  0x000001b90a3b58d0 JavaThread "Unconstrained build operations Thread 64"        [_thread_blocked, id=21748, stack(0x0000008523d00000,0x0000008523e00000) (1024K)]
  0x000001b90a3b6c80 JavaThread "Unconstrained build operations Thread 65"        [_thread_blocked, id=21356, stack(0x0000008523e00000,0x0000008523f00000) (1024K)]
  0x000001b90a3b93e0 JavaThread "Unconstrained build operations Thread 66"        [_thread_blocked, id=15208, stack(0x0000008523f00000,0x0000008524000000) (1024K)]
  0x000001b90a3b9a70 JavaThread "Unconstrained build operations Thread 67"        [_thread_in_Java, id=24076, stack(0x0000008524000000,0x0000008524100000) (1024K)]
  0x000001b901e0c940 JavaThread "Unconstrained build operations Thread 68"        [_thread_in_native, id=23664, stack(0x0000008524100000,0x0000008524200000) (1024K)]
  0x000001b901e0bc20 JavaThread "Unconstrained build operations Thread 69"        [_thread_blocked, id=19608, stack(0x0000008524200000,0x0000008524300000) (1024K)]
  0x000001b901e13240 JavaThread "Unconstrained build operations Thread 70"        [_thread_in_native, id=23224, stack(0x0000008524300000,0x0000008524400000) (1024K)]
  0x000001b901e138d0 JavaThread "Unconstrained build operations Thread 71"        [_thread_blocked, id=15932, stack(0x0000008524400000,0x0000008524500000) (1024K)]
Total: 123

Other Threads:
  0x000001b977088070 VMThread "VM Thread"                           [id=10564, stack(0x000000851c200000,0x000000851c300000) (1024K)]
  0x000001b976ec4940 WatcherThread "VM Periodic Task Thread"        [id=15016, stack(0x000000851c100000,0x000000851c200000) (1024K)]
  0x000001b95d58e010 WorkerThread "GC Thread#0"                     [id=6544, stack(0x000000851bc00000,0x000000851bd00000) (1024K)]
  0x000001b977b75db0 WorkerThread "GC Thread#1"                     [id=1216, stack(0x000000851cf00000,0x000000851d000000) (1024K)]
  0x000001b977b76150 WorkerThread "GC Thread#2"                     [id=15060, stack(0x000000851d000000,0x000000851d100000) (1024K)]
  0x000001b977a402d0 WorkerThread "GC Thread#3"                     [id=13272, stack(0x000000851d100000,0x000000851d200000) (1024K)]
  0x000001b97c8184c0 WorkerThread "GC Thread#4"                     [id=8548, stack(0x000000851d200000,0x000000851d300000) (1024K)]
  0x000001b97d06e340 WorkerThread "GC Thread#5"                     [id=16444, stack(0x000000851ce00000,0x000000851cf00000) (1024K)]
  0x000001b97d14b960 WorkerThread "GC Thread#6"                     [id=6312, stack(0x000000851d300000,0x000000851d400000) (1024K)]
  0x000001b97d14bd00 WorkerThread "GC Thread#7"                     [id=4932, stack(0x000000851d400000,0x000000851d500000) (1024K)]
  0x000001b95f8a5e40 ConcurrentGCThread "G1 Main Marker"            [id=21700, stack(0x000000851bd00000,0x000000851be00000) (1024K)]
  0x000001b95f8a6860 WorkerThread "G1 Conc#0"                       [id=24120, stack(0x000000851be00000,0x000000851bf00000) (1024K)]
  0x000001b97d0e5330 WorkerThread "G1 Conc#1"                       [id=17644, stack(0x000000851df00000,0x000000851e000000) (1024K)]
  0x000001b95f8fe630 ConcurrentGCThread "G1 Refine#0"               [id=15024, stack(0x000000851bf00000,0x000000851c000000) (1024K)]
  0x000001b976d9a630 ConcurrentGCThread "G1 Service"                [id=9232, stack(0x000000851c000000,0x000000851c100000) (1024K)]
Total: 15

Threads with active compile tasks:
C2 CompilerThread0  40743 22650   !   4       java.io.ObjectOutputStream::writeSerialData (223 bytes)
Total: 1

VM state: not at safepoint (normal execution)

VM Mutex/Monitor currently owned by a thread: None

Heap address: 0x0000000080000000, size: 2048 MB, Compressed Oops mode: 32-bit

CDS archive(s) not mapped
Compressed class space mapped at: 0x0000000100000000-0x0000000140000000, reserved size: 1073741824
Narrow klass base: 0x0000000000000000, Narrow klass shift: 3, Narrow klass range: 0x140000000

GC Precious Log:
 CardTable entry size: 512
 Card Set container configuration: InlinePtr #cards 5 size 8 Array Of Cards #cards 12 size 40 Howl #buckets 4 coarsen threshold 1843 Howl Bitmap #cards 512 size 80 coarsen threshold 460 Card regions per heap region 1 cards per card region 2048
 CPUs: 8 total, 8 available
 Memory: 7987M
 Large Page Support: Disabled
 NUMA Support: Disabled
 Compressed Oops: Enabled (32-bit)
 Heap Region Size: 1M
 Heap Min Capacity: 8M
 Heap Initial Capacity: 126M
 Heap Max Capacity: 2G
 Pre-touch: Disabled
 Parallel Workers: 8
 Concurrent Workers: 2
 Concurrent Refinement Workers: 8
 Periodic GC: Disabled

Heap:
 garbage-first heap   total 421888K, used 383144K [0x0000000080000000, 0x0000000100000000)
  region size 1024K, 136 young (139264K), 15 survivors (15360K)
 Metaspace       used 204734K, committed 207680K, reserved 1245184K
  class space    used 26081K, committed 27520K, reserved 1048576K

Heap Regions: E=young(eden), S=young(survivor), O=old, HS=humongous(starts), HC=humongous(continues), CS=collection set, F=free, TAMS=top-at-mark-start, PB=parsable bottom
|   0|0x0000000080000000, 0x0000000080100000, 0x0000000080100000|100%|HS|  |TAMS 0x0000000080000000| PB 0x0000000080000000| Complete 
|   1|0x0000000080100000, 0x0000000080200000, 0x0000000080200000|100%|HC|  |TAMS 0x0000000080100000| PB 0x0000000080100000| Complete 
|   2|0x0000000080200000, 0x0000000080300000, 0x0000000080300000|100%|HC|  |TAMS 0x0000000080200000| PB 0x0000000080200000| Complete 
|   3|0x0000000080300000, 0x0000000080400000, 0x0000000080400000|100%| O|  |TAMS 0x0000000080300000| PB 0x0000000080300000| Untracked 
|   4|0x0000000080400000, 0x0000000080500000, 0x0000000080500000|100%| O|  |TAMS 0x0000000080400000| PB 0x0000000080400000| Untracked 
|   5|0x0000000080500000, 0x0000000080600000, 0x0000000080600000|100%| O|  |TAMS 0x0000000080500000| PB 0x0000000080500000| Untracked 
|   6|0x0000000080600000, 0x0000000080700000, 0x0000000080700000|100%|HS|  |TAMS 0x0000000080600000| PB 0x0000000080600000| Complete 
|   7|0x0000000080700000, 0x0000000080800000, 0x0000000080800000|100%| O|  |TAMS 0x0000000080700000| PB 0x0000000080700000| Untracked 
|   8|0x0000000080800000, 0x0000000080900000, 0x0000000080900000|100%| O|  |TAMS 0x0000000080800000| PB 0x0000000080800000| Untracked 
|   9|0x0000000080900000, 0x0000000080a00000, 0x0000000080a00000|100%| O|  |TAMS 0x0000000080900000| PB 0x0000000080900000| Untracked 
|  10|0x0000000080a00000, 0x0000000080b00000, 0x0000000080b00000|100%| O|  |TAMS 0x0000000080a00000| PB 0x0000000080a00000| Untracked 
|  11|0x0000000080b00000, 0x0000000080c00000, 0x0000000080c00000|100%| O|  |TAMS 0x0000000080b00000| PB 0x0000000080b00000| Untracked 
|  12|0x0000000080c00000, 0x0000000080d00000, 0x0000000080d00000|100%| O|  |TAMS 0x0000000080c00000| PB 0x0000000080c00000| Untracked 
|  13|0x0000000080d00000, 0x0000000080e00000, 0x0000000080e00000|100%| O|  |TAMS 0x0000000080d00000| PB 0x0000000080d00000| Untracked 
|  14|0x0000000080e00000, 0x0000000080f00000, 0x0000000080f00000|100%| O|  |TAMS 0x0000000080e00000| PB 0x0000000080e00000| Untracked 
|  15|0x0000000080f00000, 0x0000000081000000, 0x0000000081000000|100%| O|  |TAMS 0x0000000080f00000| PB 0x0000000080f00000| Untracked 
|  16|0x0000000081000000, 0x0000000081100000, 0x0000000081100000|100%| O|  |TAMS 0x0000000081000000| PB 0x0000000081000000| Untracked 
|  17|0x0000000081100000, 0x0000000081200000, 0x0000000081200000|100%| O|  |TAMS 0x0000000081100000| PB 0x0000000081100000| Untracked 
|  18|0x0000000081200000, 0x0000000081300000, 0x0000000081300000|100%| O|  |TAMS 0x0000000081200000| PB 0x0000000081200000| Untracked 
|  19|0x0000000081300000, 0x0000000081400000, 0x0000000081400000|100%| O|  |TAMS 0x0000000081300000| PB 0x0000000081300000| Untracked 
|  20|0x0000000081400000, 0x0000000081500000, 0x0000000081500000|100%| O|  |TAMS 0x0000000081400000| PB 0x0000000081400000| Untracked 
|  21|0x0000000081500000, 0x0000000081600000, 0x0000000081600000|100%| O|  |TAMS 0x0000000081500000| PB 0x0000000081500000| Untracked 
|  22|0x0000000081600000, 0x0000000081700000, 0x0000000081700000|100%|HS|  |TAMS 0x0000000081600000| PB 0x0000000081600000| Complete 
|  23|0x0000000081700000, 0x0000000081800000, 0x0000000081800000|100%|HC|  |TAMS 0x0000000081700000| PB 0x0000000081700000| Complete 
|  24|0x0000000081800000, 0x0000000081900000, 0x0000000081900000|100%|HC|  |TAMS 0x0000000081800000| PB 0x0000000081800000| Complete 
|  25|0x0000000081900000, 0x0000000081a00000, 0x0000000081a00000|100%|HC|  |TAMS 0x0000000081900000| PB 0x0000000081900000| Complete 
|  26|0x0000000081a00000, 0x0000000081b00000, 0x0000000081b00000|100%|HC|  |TAMS 0x0000000081a00000| PB 0x0000000081a00000| Complete 
|  27|0x0000000081b00000, 0x0000000081c00000, 0x0000000081c00000|100%|HC|  |TAMS 0x0000000081b00000| PB 0x0000000081b00000| Complete 
|  28|0x0000000081c00000, 0x0000000081d00000, 0x0000000081d00000|100%|HS|  |TAMS 0x0000000081c00000| PB 0x0000000081c00000| Complete 
|  29|0x0000000081d00000, 0x0000000081e00000, 0x0000000081e00000|100%|HS|  |TAMS 0x0000000081d00000| PB 0x0000000081d00000| Complete 
|  30|0x0000000081e00000, 0x0000000081f00000, 0x0000000081f00000|100%|HC|  |TAMS 0x0000000081e00000| PB 0x0000000081e00000| Complete 
|  31|0x0000000081f00000, 0x0000000082000000, 0x0000000082000000|100%|HC|  |TAMS 0x0000000081f00000| PB 0x0000000081f00000| Complete 
|  32|0x0000000082000000, 0x0000000082100000, 0x0000000082100000|100%|HC|  |TAMS 0x0000000082000000| PB 0x0000000082000000| Complete 
|  33|0x0000000082100000, 0x0000000082200000, 0x0000000082200000|100%|HS|  |TAMS 0x0000000082100000| PB 0x0000000082100000| Complete 
|  34|0x0000000082200000, 0x0000000082300000, 0x0000000082300000|100%|HC|  |TAMS 0x0000000082200000| PB 0x0000000082200000| Complete 
|  35|0x0000000082300000, 0x0000000082400000, 0x0000000082400000|100%|HS|  |TAMS 0x0000000082300000| PB 0x0000000082300000| Complete 
|  36|0x0000000082400000, 0x0000000082500000, 0x0000000082500000|100%|HS|  |TAMS 0x0000000082400000| PB 0x0000000082400000| Complete 
|  37|0x0000000082500000, 0x0000000082600000, 0x0000000082600000|100%|HC|  |TAMS 0x0000000082500000| PB 0x0000000082500000| Complete 
|  38|0x0000000082600000, 0x0000000082700000, 0x0000000082700000|100%|HC|  |TAMS 0x0000000082600000| PB 0x0000000082600000| Complete 
|  39|0x0000000082700000, 0x0000000082800000, 0x0000000082800000|100%|HC|  |TAMS 0x0000000082700000| PB 0x0000000082700000| Complete 
|  40|0x0000000082800000, 0x0000000082900000, 0x0000000082900000|100%|HC|  |TAMS 0x0000000082800000| PB 0x0000000082800000| Complete 
|  41|0x0000000082900000, 0x0000000082a00000, 0x0000000082a00000|100%|HC|  |TAMS 0x0000000082900000| PB 0x0000000082900000| Complete 
|  42|0x0000000082a00000, 0x0000000082b00000, 0x0000000082b00000|100%|HS|  |TAMS 0x0000000082a00000| PB 0x0000000082a00000| Complete 
|  43|0x0000000082b00000, 0x0000000082c00000, 0x0000000082c00000|100%|HS|  |TAMS 0x0000000082b00000| PB 0x0000000082b00000| Complete 
|  44|0x0000000082c00000, 0x0000000082d00000, 0x0000000082d00000|100%|HC|  |TAMS 0x0000000082c00000| PB 0x0000000082c00000| Complete 
|  45|0x0000000082d00000, 0x0000000082e00000, 0x0000000082e00000|100%|HC|  |TAMS 0x0000000082d00000| PB 0x0000000082d00000| Complete 
|  46|0x0000000082e00000, 0x0000000082f00000, 0x0000000082f00000|100%|HC|  |TAMS 0x0000000082e00000| PB 0x0000000082e00000| Complete 
|  47|0x0000000082f00000, 0x0000000083000000, 0x0000000083000000|100%|HS|  |TAMS 0x0000000082f00000| PB 0x0000000082f00000| Complete 
|  48|0x0000000083000000, 0x0000000083100000, 0x0000000083100000|100%|HC|  |TAMS 0x0000000083000000| PB 0x0000000083000000| Complete 
|  49|0x0000000083100000, 0x0000000083200000, 0x0000000083200000|100%|HS|  |TAMS 0x0000000083100000| PB 0x0000000083100000| Complete 
|  50|0x0000000083200000, 0x0000000083300000, 0x0000000083300000|100%| O|  |TAMS 0x0000000083200000| PB 0x0000000083200000| Untracked 
|  51|0x0000000083300000, 0x0000000083400000, 0x0000000083400000|100%| O|  |TAMS 0x0000000083300000| PB 0x0000000083300000| Untracked 
|  52|0x0000000083400000, 0x0000000083500000, 0x0000000083500000|100%| O|  |TAMS 0x0000000083400000| PB 0x0000000083400000| Untracked 
|  53|0x0000000083500000, 0x0000000083600000, 0x0000000083600000|100%| O|  |TAMS 0x0000000083500000| PB 0x0000000083500000| Untracked 
|  54|0x0000000083600000, 0x0000000083700000, 0x0000000083700000|100%| O|  |TAMS 0x0000000083600000| PB 0x0000000083600000| Untracked 
|  55|0x0000000083700000, 0x0000000083800000, 0x0000000083800000|100%| O|  |TAMS 0x0000000083700000| PB 0x0000000083700000| Untracked 
|  56|0x0000000083800000, 0x0000000083900000, 0x0000000083900000|100%| O|  |TAMS 0x0000000083800000| PB 0x0000000083800000| Untracked 
|  57|0x0000000083900000, 0x0000000083a00000, 0x0000000083a00000|100%| O|  |TAMS 0x0000000083900000| PB 0x0000000083900000| Untracked 
|  58|0x0000000083a00000, 0x0000000083b00000, 0x0000000083b00000|100%| O|  |TAMS 0x0000000083a00000| PB 0x0000000083a00000| Untracked 
|  59|0x0000000083b00000, 0x0000000083c00000, 0x0000000083c00000|100%| O|  |TAMS 0x0000000083b00000| PB 0x0000000083b00000| Untracked 
|  60|0x0000000083c00000, 0x0000000083d00000, 0x0000000083d00000|100%| O|  |TAMS 0x0000000083c00000| PB 0x0000000083c00000| Untracked 
|  61|0x0000000083d00000, 0x0000000083e00000, 0x0000000083e00000|100%| O|  |TAMS 0x0000000083d00000| PB 0x0000000083d00000| Untracked 
|  62|0x0000000083e00000, 0x0000000083f00000, 0x0000000083f00000|100%| O|  |TAMS 0x0000000083e00000| PB 0x0000000083e00000| Untracked 
|  63|0x0000000083f00000, 0x0000000084000000, 0x0000000084000000|100%|HS|  |TAMS 0x0000000083f00000| PB 0x0000000083f00000| Complete 
|  64|0x0000000084000000, 0x0000000084100000, 0x0000000084100000|100%|HC|  |TAMS 0x0000000084000000| PB 0x0000000084000000| Complete 
|  65|0x0000000084100000, 0x0000000084200000, 0x0000000084200000|100%| O|  |TAMS 0x0000000084100000| PB 0x0000000084100000| Untracked 
|  66|0x0000000084200000, 0x0000000084300000, 0x0000000084300000|100%| O|  |TAMS 0x0000000084200000| PB 0x0000000084200000| Untracked 
|  67|0x0000000084300000, 0x0000000084400000, 0x0000000084400000|100%| O|  |TAMS 0x0000000084300000| PB 0x0000000084300000| Untracked 
|  68|0x0000000084400000, 0x0000000084500000, 0x0000000084500000|100%| O|  |TAMS 0x0000000084400000| PB 0x0000000084400000| Untracked 
|  69|0x0000000084500000, 0x0000000084600000, 0x0000000084600000|100%| O|  |TAMS 0x0000000084500000| PB 0x0000000084500000| Untracked 
|  70|0x0000000084600000, 0x0000000084700000, 0x0000000084700000|100%| O|  |TAMS 0x0000000084600000| PB 0x0000000084600000| Untracked 
|  71|0x0000000084700000, 0x0000000084800000, 0x0000000084800000|100%| O|  |TAMS 0x0000000084700000| PB 0x0000000084700000| Untracked 
|  72|0x0000000084800000, 0x0000000084900000, 0x0000000084900000|100%| O|  |TAMS 0x0000000084800000| PB 0x0000000084800000| Untracked 
|  73|0x0000000084900000, 0x0000000084a00000, 0x0000000084a00000|100%|HS|  |TAMS 0x0000000084900000| PB 0x0000000084900000| Complete 
|  74|0x0000000084a00000, 0x0000000084b00000, 0x0000000084b00000|100%|HC|  |TAMS 0x0000000084a00000| PB 0x0000000084a00000| Complete 
|  75|0x0000000084b00000, 0x0000000084c00000, 0x0000000084c00000|100%|HC|  |TAMS 0x0000000084b00000| PB 0x0000000084b00000| Complete 
|  76|0x0000000084c00000, 0x0000000084d00000, 0x0000000084d00000|100%|HC|  |TAMS 0x0000000084c00000| PB 0x0000000084c00000| Complete 
|  77|0x0000000084d00000, 0x0000000084e00000, 0x0000000084e00000|100%|HC|  |TAMS 0x0000000084d00000| PB 0x0000000084d00000| Complete 
|  78|0x0000000084e00000, 0x0000000084f00000, 0x0000000084f00000|100%|HC|  |TAMS 0x0000000084e00000| PB 0x0000000084e00000| Complete 
|  79|0x0000000084f00000, 0x0000000085000000, 0x0000000085000000|100%|HS|  |TAMS 0x0000000084f00000| PB 0x0000000084f00000| Complete 
|  80|0x0000000085000000, 0x0000000085100000, 0x0000000085100000|100%| O|  |TAMS 0x0000000085000000| PB 0x0000000085000000| Untracked 
|  81|0x0000000085100000, 0x0000000085200000, 0x0000000085200000|100%| O|  |TAMS 0x0000000085100000| PB 0x0000000085100000| Untracked 
|  82|0x0000000085200000, 0x0000000085300000, 0x0000000085300000|100%| O|  |TAMS 0x0000000085200000| PB 0x0000000085200000| Untracked 
|  83|0x0000000085300000, 0x0000000085400000, 0x0000000085400000|100%| O|  |TAMS 0x0000000085300000| PB 0x0000000085300000| Untracked 
|  84|0x0000000085400000, 0x0000000085500000, 0x0000000085500000|100%|HS|  |TAMS 0x0000000085400000| PB 0x0000000085400000| Complete 
|  85|0x0000000085500000, 0x0000000085600000, 0x0000000085600000|100%| O|  |TAMS 0x0000000085500000| PB 0x0000000085500000| Untracked 
|  86|0x0000000085600000, 0x0000000085700000, 0x0000000085700000|100%| O|  |TAMS 0x0000000085600000| PB 0x0000000085600000| Untracked 
|  87|0x0000000085700000, 0x0000000085800000, 0x0000000085800000|100%| O|  |TAMS 0x0000000085700000| PB 0x0000000085700000| Untracked 
|  88|0x0000000085800000, 0x0000000085900000, 0x0000000085900000|100%|HS|  |TAMS 0x0000000085800000| PB 0x0000000085800000| Complete 
|  89|0x0000000085900000, 0x0000000085a00000, 0x0000000085a00000|100%|HC|  |TAMS 0x0000000085900000| PB 0x0000000085900000| Complete 
|  90|0x0000000085a00000, 0x0000000085b00000, 0x0000000085b00000|100%|HC|  |TAMS 0x0000000085a00000| PB 0x0000000085a00000| Complete 
|  91|0x0000000085b00000, 0x0000000085c00000, 0x0000000085c00000|100%|HC|  |TAMS 0x0000000085b00000| PB 0x0000000085b00000| Complete 
|  92|0x0000000085c00000, 0x0000000085d00000, 0x0000000085d00000|100%|HC|  |TAMS 0x0000000085c00000| PB 0x0000000085c00000| Complete 
|  93|0x0000000085d00000, 0x0000000085e00000, 0x0000000085e00000|100%|HC|  |TAMS 0x0000000085d00000| PB 0x0000000085d00000| Complete 
|  94|0x0000000085e00000, 0x0000000085f00000, 0x0000000085f00000|100%| O|  |TAMS 0x0000000085e00000| PB 0x0000000085e00000| Untracked 
|  95|0x0000000085f00000, 0x0000000086000000, 0x0000000086000000|100%| O|  |TAMS 0x0000000085f00000| PB 0x0000000085f00000| Untracked 
|  96|0x0000000086000000, 0x0000000086100000, 0x0000000086100000|100%| O|  |TAMS 0x0000000086000000| PB 0x0000000086000000| Untracked 
|  97|0x0000000086100000, 0x0000000086200000, 0x0000000086200000|100%| O|  |TAMS 0x0000000086100000| PB 0x0000000086100000| Untracked 
|  98|0x0000000086200000, 0x0000000086300000, 0x0000000086300000|100%| O|  |TAMS 0x0000000086200000| PB 0x0000000086200000| Untracked 
|  99|0x0000000086300000, 0x0000000086400000, 0x0000000086400000|100%| O|  |TAMS 0x0000000086300000| PB 0x0000000086300000| Untracked 
| 100|0x0000000086400000, 0x0000000086500000, 0x0000000086500000|100%| O|  |TAMS 0x0000000086400000| PB 0x0000000086400000| Untracked 
| 101|0x0000000086500000, 0x0000000086600000, 0x0000000086600000|100%| O|  |TAMS 0x0000000086500000| PB 0x0000000086500000| Untracked 
| 102|0x0000000086600000, 0x0000000086700000, 0x0000000086700000|100%| O|  |TAMS 0x0000000086600000| PB 0x0000000086600000| Untracked 
| 103|0x0000000086700000, 0x0000000086800000, 0x0000000086800000|100%| O|  |TAMS 0x0000000086700000| PB 0x0000000086700000| Untracked 
| 104|0x0000000086800000, 0x0000000086900000, 0x0000000086900000|100%| O|  |TAMS 0x0000000086800000| PB 0x0000000086800000| Untracked 
| 105|0x0000000086900000, 0x0000000086a00000, 0x0000000086a00000|100%| O|  |TAMS 0x0000000086900000| PB 0x0000000086900000| Untracked 
| 106|0x0000000086a00000, 0x0000000086b00000, 0x0000000086b00000|100%| O|  |TAMS 0x0000000086a00000| PB 0x0000000086a00000| Untracked 
| 107|0x0000000086b00000, 0x0000000086c00000, 0x0000000086c00000|100%| O|  |TAMS 0x0000000086b00000| PB 0x0000000086b00000| Untracked 
| 108|0x0000000086c00000, 0x0000000086d00000, 0x0000000086d00000|100%| O|  |TAMS 0x0000000086c00000| PB 0x0000000086c00000| Untracked 
| 109|0x0000000086d00000, 0x0000000086e00000, 0x0000000086e00000|100%| O|  |TAMS 0x0000000086d00000| PB 0x0000000086d00000| Untracked 
| 110|0x0000000086e00000, 0x0000000086f00000, 0x0000000086f00000|100%| O|  |TAMS 0x0000000086e00000| PB 0x0000000086e00000| Untracked 
| 111|0x0000000086f00000, 0x0000000087000000, 0x0000000087000000|100%| O|  |TAMS 0x0000000086f00000| PB 0x0000000086f00000| Untracked 
| 112|0x0000000087000000, 0x0000000087100000, 0x0000000087100000|100%|HS|  |TAMS 0x0000000087000000| PB 0x0000000087000000| Complete 
| 113|0x0000000087100000, 0x0000000087200000, 0x0000000087200000|100%|HS|  |TAMS 0x0000000087100000| PB 0x0000000087100000| Complete 
| 114|0x0000000087200000, 0x0000000087300000, 0x0000000087300000|100%| O|  |TAMS 0x0000000087200000| PB 0x0000000087200000| Untracked 
| 115|0x0000000087300000, 0x0000000087400000, 0x0000000087400000|100%| O|  |TAMS 0x0000000087300000| PB 0x0000000087300000| Untracked 
| 116|0x0000000087400000, 0x0000000087500000, 0x0000000087500000|100%| O|  |TAMS 0x0000000087400000| PB 0x0000000087400000| Untracked 
| 117|0x0000000087500000, 0x0000000087600000, 0x0000000087600000|100%| O|  |TAMS 0x0000000087500000| PB 0x0000000087500000| Untracked 
| 118|0x0000000087600000, 0x0000000087700000, 0x0000000087700000|100%| O|  |TAMS 0x0000000087600000| PB 0x0000000087600000| Untracked 
| 119|0x0000000087700000, 0x0000000087800000, 0x0000000087800000|100%| O|  |TAMS 0x0000000087700000| PB 0x0000000087700000| Untracked 
| 120|0x0000000087800000, 0x0000000087900000, 0x0000000087900000|100%| O|  |TAMS 0x0000000087800000| PB 0x0000000087800000| Untracked 
| 121|0x0000000087900000, 0x0000000087a00000, 0x0000000087a00000|100%| O|  |TAMS 0x0000000087900000| PB 0x0000000087900000| Untracked 
| 122|0x0000000087a00000, 0x0000000087b00000, 0x0000000087b00000|100%| O|  |TAMS 0x0000000087a00000| PB 0x0000000087a00000| Untracked 
| 123|0x0000000087b00000, 0x0000000087c00000, 0x0000000087c00000|100%| O|  |TAMS 0x0000000087b00000| PB 0x0000000087b00000| Untracked 
| 124|0x0000000087c00000, 0x0000000087d00000, 0x0000000087d00000|100%| O|  |TAMS 0x0000000087c00000| PB 0x0000000087c00000| Untracked 
| 125|0x0000000087d00000, 0x0000000087e00000, 0x0000000087e00000|100%| O|  |TAMS 0x0000000087d00000| PB 0x0000000087d00000| Untracked 
| 126|0x0000000087e00000, 0x0000000087f00000, 0x0000000087f00000|100%| O|  |TAMS 0x0000000087e00000| PB 0x0000000087e00000| Untracked 
| 127|0x0000000087f00000, 0x0000000088000000, 0x0000000088000000|100%| O|  |TAMS 0x0000000087f00000| PB 0x0000000087f00000| Untracked 
| 128|0x0000000088000000, 0x0000000088100000, 0x0000000088100000|100%| O|  |TAMS 0x0000000088000000| PB 0x0000000088000000| Untracked 
| 129|0x0000000088100000, 0x0000000088200000, 0x0000000088200000|100%| O|  |TAMS 0x0000000088100000| PB 0x0000000088100000| Untracked 
| 130|0x0000000088200000, 0x0000000088300000, 0x0000000088300000|100%| O|Cm|TAMS 0x0000000088200000| PB 0x0000000088200000| Complete 
| 131|0x0000000088300000, 0x0000000088400000, 0x0000000088400000|100%| O|  |TAMS 0x0000000088300000| PB 0x0000000088300000| Untracked 
| 132|0x0000000088400000, 0x0000000088500000, 0x0000000088500000|100%| O|  |TAMS 0x0000000088400000| PB 0x0000000088400000| Untracked 
| 133|0x0000000088500000, 0x0000000088600000, 0x0000000088600000|100%| O|  |TAMS 0x0000000088500000| PB 0x0000000088500000| Untracked 
| 134|0x0000000088600000, 0x0000000088700000, 0x0000000088700000|100%| O|  |TAMS 0x0000000088600000| PB 0x0000000088600000| Untracked 
| 135|0x0000000088700000, 0x0000000088800000, 0x0000000088800000|100%| O|  |TAMS 0x0000000088700000| PB 0x0000000088700000| Untracked 
| 136|0x0000000088800000, 0x0000000088900000, 0x0000000088900000|100%| O|  |TAMS 0x0000000088800000| PB 0x0000000088800000| Untracked 
| 137|0x0000000088900000, 0x0000000088a00000, 0x0000000088a00000|100%| O|  |TAMS 0x0000000088900000| PB 0x0000000088900000| Untracked 
| 138|0x0000000088a00000, 0x0000000088b00000, 0x0000000088b00000|100%| O|Cm|TAMS 0x0000000088a00000| PB 0x0000000088a00000| Complete 
| 139|0x0000000088b00000, 0x0000000088c00000, 0x0000000088c00000|100%| O|  |TAMS 0x0000000088b00000| PB 0x0000000088b00000| Untracked 
| 140|0x0000000088c00000, 0x0000000088d00000, 0x0000000088d00000|100%| O|  |TAMS 0x0000000088c00000| PB 0x0000000088c00000| Untracked 
| 141|0x0000000088d00000, 0x0000000088e00000, 0x0000000088e00000|100%| O|Cm|TAMS 0x0000000088d00000| PB 0x0000000088d00000| Complete 
| 142|0x0000000088e00000, 0x0000000088f00000, 0x0000000088f00000|100%| O|  |TAMS 0x0000000088e00000| PB 0x0000000088e00000| Untracked 
| 143|0x0000000088f00000, 0x0000000089000000, 0x0000000089000000|100%| O|  |TAMS 0x0000000088f00000| PB 0x0000000088f00000| Untracked 
| 144|0x0000000089000000, 0x0000000089100000, 0x0000000089100000|100%| O|  |TAMS 0x0000000089000000| PB 0x0000000089000000| Untracked 
| 145|0x0000000089100000, 0x0000000089200000, 0x0000000089200000|100%| O|  |TAMS 0x0000000089100000| PB 0x0000000089100000| Untracked 
| 146|0x0000000089200000, 0x0000000089300000, 0x0000000089300000|100%| O|  |TAMS 0x0000000089200000| PB 0x0000000089200000| Untracked 
| 147|0x0000000089300000, 0x000000008935f640, 0x0000000089400000| 37%| O|  |TAMS 0x0000000089300000| PB 0x0000000089300000| Untracked 
| 148|0x0000000089400000, 0x0000000089500000, 0x0000000089500000|100%| O|  |TAMS 0x0000000089400000| PB 0x0000000089400000| Untracked 
| 149|0x0000000089500000, 0x0000000089600000, 0x0000000089600000|100%| O|  |TAMS 0x0000000089500000| PB 0x0000000089500000| Untracked 
| 150|0x0000000089600000, 0x0000000089700000, 0x0000000089700000|100%| O|  |TAMS 0x0000000089600000| PB 0x0000000089600000| Untracked 
| 151|0x0000000089700000, 0x0000000089800000, 0x0000000089800000|100%| O|  |TAMS 0x0000000089700000| PB 0x0000000089700000| Untracked 
| 152|0x0000000089800000, 0x0000000089900000, 0x0000000089900000|100%| O|  |TAMS 0x0000000089800000| PB 0x0000000089800000| Untracked 
| 153|0x0000000089900000, 0x0000000089a00000, 0x0000000089a00000|100%| O|  |TAMS 0x0000000089900000| PB 0x0000000089900000| Untracked 
| 154|0x0000000089a00000, 0x0000000089b00000, 0x0000000089b00000|100%| O|  |TAMS 0x0000000089a00000| PB 0x0000000089a00000| Untracked 
| 155|0x0000000089b00000, 0x0000000089c00000, 0x0000000089c00000|100%| O|  |TAMS 0x0000000089b00000| PB 0x0000000089b00000| Untracked 
| 156|0x0000000089c00000, 0x0000000089d00000, 0x0000000089d00000|100%| O|  |TAMS 0x0000000089c00000| PB 0x0000000089c00000| Untracked 
| 157|0x0000000089d00000, 0x0000000089e00000, 0x0000000089e00000|100%| O|  |TAMS 0x0000000089d00000| PB 0x0000000089d00000| Untracked 
| 158|0x0000000089e00000, 0x0000000089f00000, 0x0000000089f00000|100%|HS|  |TAMS 0x0000000089e00000| PB 0x0000000089e00000| Complete 
| 159|0x0000000089f00000, 0x000000008a000000, 0x000000008a000000|100%| O|  |TAMS 0x0000000089f00000| PB 0x0000000089f00000| Untracked 
| 160|0x000000008a000000, 0x000000008a100000, 0x000000008a100000|100%|HS|  |TAMS 0x000000008a000000| PB 0x000000008a000000| Complete 
| 161|0x000000008a100000, 0x000000008a200000, 0x000000008a200000|100%|HC|  |TAMS 0x000000008a100000| PB 0x000000008a100000| Complete 
| 162|0x000000008a200000, 0x000000008a300000, 0x000000008a300000|100%|HS|  |TAMS 0x000000008a200000| PB 0x000000008a200000| Complete 
| 163|0x000000008a300000, 0x000000008a400000, 0x000000008a400000|100%|HS|  |TAMS 0x000000008a300000| PB 0x000000008a300000| Complete 
| 164|0x000000008a400000, 0x000000008a500000, 0x000000008a500000|100%| O|  |TAMS 0x000000008a400000| PB 0x000000008a400000| Untracked 
| 165|0x000000008a500000, 0x000000008a600000, 0x000000008a600000|100%| O|  |TAMS 0x000000008a500000| PB 0x000000008a500000| Untracked 
| 166|0x000000008a600000, 0x000000008a700000, 0x000000008a700000|100%| O|  |TAMS 0x000000008a600000| PB 0x000000008a600000| Untracked 
| 167|0x000000008a700000, 0x000000008a800000, 0x000000008a800000|100%| O|  |TAMS 0x000000008a700000| PB 0x000000008a700000| Untracked 
| 168|0x000000008a800000, 0x000000008a900000, 0x000000008a900000|100%| O|  |TAMS 0x000000008a800000| PB 0x000000008a800000| Untracked 
| 169|0x000000008a900000, 0x000000008aa00000, 0x000000008aa00000|100%| O|  |TAMS 0x000000008a900000| PB 0x000000008a900000| Untracked 
| 170|0x000000008aa00000, 0x000000008ab00000, 0x000000008ab00000|100%|HS|  |TAMS 0x000000008aa00000| PB 0x000000008aa00000| Complete 
| 171|0x000000008ab00000, 0x000000008ac00000, 0x000000008ac00000|100%| O|  |TAMS 0x000000008ab00000| PB 0x000000008ab00000| Untracked 
| 172|0x000000008ac00000, 0x000000008ad00000, 0x000000008ad00000|100%|HS|  |TAMS 0x000000008ac00000| PB 0x000000008ac00000| Complete 
| 173|0x000000008ad00000, 0x000000008ae00000, 0x000000008ae00000|100%|HS|  |TAMS 0x000000008ad00000| PB 0x000000008ad00000| Complete 
| 174|0x000000008ae00000, 0x000000008af00000, 0x000000008af00000|100%|HS|  |TAMS 0x000000008ae00000| PB 0x000000008ae00000| Complete 
| 175|0x000000008af00000, 0x000000008b000000, 0x000000008b000000|100%|HC|  |TAMS 0x000000008af00000| PB 0x000000008af00000| Complete 
| 176|0x000000008b000000, 0x000000008b100000, 0x000000008b100000|100%|HS|  |TAMS 0x000000008b000000| PB 0x000000008b000000| Complete 
| 177|0x000000008b100000, 0x000000008b200000, 0x000000008b200000|100%|HC|  |TAMS 0x000000008b100000| PB 0x000000008b100000| Complete 
| 178|0x000000008b200000, 0x000000008b300000, 0x000000008b300000|100%|HC|  |TAMS 0x000000008b200000| PB 0x000000008b200000| Complete 
| 179|0x000000008b300000, 0x000000008b400000, 0x000000008b400000|100%|HS|  |TAMS 0x000000008b300000| PB 0x000000008b300000| Complete 
| 180|0x000000008b400000, 0x000000008b500000, 0x000000008b500000|100%| O|  |TAMS 0x000000008b400000| PB 0x000000008b400000| Untracked 
| 181|0x000000008b500000, 0x000000008b600000, 0x000000008b600000|100%| O|  |TAMS 0x000000008b500000| PB 0x000000008b500000| Untracked 
| 182|0x000000008b600000, 0x000000008b700000, 0x000000008b700000|100%| O|Cm|TAMS 0x000000008b600000| PB 0x000000008b600000| Complete 
| 183|0x000000008b700000, 0x000000008b800000, 0x000000008b800000|100%| O|Cm|TAMS 0x000000008b700000| PB 0x000000008b700000| Complete 
| 184|0x000000008b800000, 0x000000008b900000, 0x000000008b900000|100%|HS|  |TAMS 0x000000008b800000| PB 0x000000008b800000| Complete 
| 185|0x000000008b900000, 0x000000008ba00000, 0x000000008ba00000|100%|HS|  |TAMS 0x000000008b900000| PB 0x000000008b900000| Complete 
| 186|0x000000008ba00000, 0x000000008bb00000, 0x000000008bb00000|100%| O|  |TAMS 0x000000008ba00000| PB 0x000000008ba00000| Untracked 
| 187|0x000000008bb00000, 0x000000008bc00000, 0x000000008bc00000|100%| O|Cm|TAMS 0x000000008bb00000| PB 0x000000008bb00000| Complete 
| 188|0x000000008bc00000, 0x000000008bc00000, 0x000000008bd00000|  0%| F|  |TAMS 0x000000008bc00000| PB 0x000000008bc00000| Untracked 
| 189|0x000000008bd00000, 0x000000008be00000, 0x000000008be00000|100%| O|Cm|TAMS 0x000000008bd00000| PB 0x000000008bd00000| Complete 
| 190|0x000000008be00000, 0x000000008bf00000, 0x000000008bf00000|100%| O|  |TAMS 0x000000008be00000| PB 0x000000008be00000| Untracked 
| 191|0x000000008bf00000, 0x000000008c000000, 0x000000008c000000|100%| O|  |TAMS 0x000000008bf00000| PB 0x000000008bf00000| Untracked 
| 192|0x000000008c000000, 0x000000008c100000, 0x000000008c100000|100%| O|  |TAMS 0x000000008c000000| PB 0x000000008c000000| Untracked 
| 193|0x000000008c100000, 0x000000008c200000, 0x000000008c200000|100%| O|  |TAMS 0x000000008c100000| PB 0x000000008c100000| Untracked 
| 194|0x000000008c200000, 0x000000008c300000, 0x000000008c300000|100%| O|Cm|TAMS 0x000000008c200000| PB 0x000000008c200000| Complete 
| 195|0x000000008c300000, 0x000000008c300000, 0x000000008c400000|  0%| F|  |TAMS 0x000000008c300000| PB 0x000000008c300000| Untracked 
| 196|0x000000008c400000, 0x000000008c500000, 0x000000008c500000|100%| O|  |TAMS 0x000000008c400000| PB 0x000000008c400000| Untracked 
| 197|0x000000008c500000, 0x000000008c600000, 0x000000008c600000|100%| O|  |TAMS 0x000000008c500000| PB 0x000000008c500000| Untracked 
| 198|0x000000008c600000, 0x000000008c600000, 0x000000008c700000|  0%| F|  |TAMS 0x000000008c600000| PB 0x000000008c600000| Untracked 
| 199|0x000000008c700000, 0x000000008c800000, 0x000000008c800000|100%| O|  |TAMS 0x000000008c700000| PB 0x000000008c700000| Untracked 
| 200|0x000000008c800000, 0x000000008c900000, 0x000000008c900000|100%| O|  |TAMS 0x000000008c800000| PB 0x000000008c800000| Untracked 
| 201|0x000000008c900000, 0x000000008ca00000, 0x000000008ca00000|100%| O|  |TAMS 0x000000008c900000| PB 0x000000008c900000| Untracked 
| 202|0x000000008ca00000, 0x000000008cb00000, 0x000000008cb00000|100%| O|  |TAMS 0x000000008ca00000| PB 0x000000008ca00000| Untracked 
| 203|0x000000008cb00000, 0x000000008cc00000, 0x000000008cc00000|100%| O|  |TAMS 0x000000008cb00000| PB 0x000000008cb00000| Untracked 
| 204|0x000000008cc00000, 0x000000008cc00000, 0x000000008cd00000|  0%| F|  |TAMS 0x000000008cc00000| PB 0x000000008cc00000| Untracked 
| 205|0x000000008cd00000, 0x000000008cd00000, 0x000000008ce00000|  0%| F|  |TAMS 0x000000008cd00000| PB 0x000000008cd00000| Untracked 
| 206|0x000000008ce00000, 0x000000008cf00000, 0x000000008cf00000|100%|HS|  |TAMS 0x000000008ce00000| PB 0x000000008ce00000| Complete 
| 207|0x000000008cf00000, 0x000000008d000000, 0x000000008d000000|100%|HC|  |TAMS 0x000000008cf00000| PB 0x000000008cf00000| Complete 
| 208|0x000000008d000000, 0x000000008d100000, 0x000000008d100000|100%|HC|  |TAMS 0x000000008d000000| PB 0x000000008d000000| Complete 
| 209|0x000000008d100000, 0x000000008d200000, 0x000000008d200000|100%|HS|  |TAMS 0x000000008d100000| PB 0x000000008d100000| Complete 
| 210|0x000000008d200000, 0x000000008d300000, 0x000000008d300000|100%| O|  |TAMS 0x000000008d200000| PB 0x000000008d200000| Untracked 
| 211|0x000000008d300000, 0x000000008d400000, 0x000000008d400000|100%| O|  |TAMS 0x000000008d300000| PB 0x000000008d300000| Untracked 
| 212|0x000000008d400000, 0x000000008d500000, 0x000000008d500000|100%| O|  |TAMS 0x000000008d400000| PB 0x000000008d400000| Untracked 
| 213|0x000000008d500000, 0x000000008d600000, 0x000000008d600000|100%| O|  |TAMS 0x000000008d500000| PB 0x000000008d500000| Untracked 
| 214|0x000000008d600000, 0x000000008d700000, 0x000000008d700000|100%| O|  |TAMS 0x000000008d600000| PB 0x000000008d600000| Untracked 
| 215|0x000000008d700000, 0x000000008d800000, 0x000000008d800000|100%| O|  |TAMS 0x000000008d700000| PB 0x000000008d700000| Untracked 
| 216|0x000000008d800000, 0x000000008d900000, 0x000000008d900000|100%| O|  |TAMS 0x000000008d800000| PB 0x000000008d800000| Untracked 
| 217|0x000000008d900000, 0x000000008da00000, 0x000000008da00000|100%| O|  |TAMS 0x000000008d900000| PB 0x000000008d900000| Untracked 
| 218|0x000000008da00000, 0x000000008db00000, 0x000000008db00000|100%| O|  |TAMS 0x000000008da00000| PB 0x000000008da00000| Untracked 
| 219|0x000000008db00000, 0x000000008dc00000, 0x000000008dc00000|100%| O|  |TAMS 0x000000008db00000| PB 0x000000008db00000| Untracked 
| 220|0x000000008dc00000, 0x000000008dd00000, 0x000000008dd00000|100%| O|Cm|TAMS 0x000000008dc00000| PB 0x000000008dc00000| Complete 
| 221|0x000000008dd00000, 0x000000008dd00000, 0x000000008de00000|  0%| F|  |TAMS 0x000000008dd00000| PB 0x000000008dd00000| Untracked 
| 222|0x000000008de00000, 0x000000008df00000, 0x000000008df00000|100%| O|Cm|TAMS 0x000000008de00000| PB 0x000000008de00000| Complete 
| 223|0x000000008df00000, 0x000000008e000000, 0x000000008e000000|100%| O|Cm|TAMS 0x000000008df00000| PB 0x000000008df00000| Complete 
| 224|0x000000008e000000, 0x000000008e100000, 0x000000008e100000|100%| O|Cm|TAMS 0x000000008e000000| PB 0x000000008e000000| Complete 
| 225|0x000000008e100000, 0x000000008e200000, 0x000000008e200000|100%| O|Cm|TAMS 0x000000008e100000| PB 0x000000008e100000| Complete 
| 226|0x000000008e200000, 0x000000008e300000, 0x000000008e300000|100%| O|Cm|TAMS 0x000000008e200000| PB 0x000000008e200000| Complete 
| 227|0x000000008e300000, 0x000000008e400000, 0x000000008e400000|100%| O|Cm|TAMS 0x000000008e300000| PB 0x000000008e300000| Complete 
| 228|0x000000008e400000, 0x000000008e500000, 0x000000008e500000|100%| O|Cm|TAMS 0x000000008e400000| PB 0x000000008e400000| Complete 
| 229|0x000000008e500000, 0x000000008e600000, 0x000000008e600000|100%| O|Cm|TAMS 0x000000008e500000| PB 0x000000008e500000| Complete 
| 230|0x000000008e600000, 0x000000008e700000, 0x000000008e700000|100%| O|Cm|TAMS 0x000000008e600000| PB 0x000000008e600000| Complete 
| 231|0x000000008e700000, 0x000000008e800000, 0x000000008e800000|100%| O|Cm|TAMS 0x000000008e700000| PB 0x000000008e700000| Complete 
| 232|0x000000008e800000, 0x000000008e900000, 0x000000008e900000|100%| O|Cm|TAMS 0x000000008e800000| PB 0x000000008e800000| Complete 
| 233|0x000000008e900000, 0x000000008ea00000, 0x000000008ea00000|100%| O|Cm|TAMS 0x000000008e900000| PB 0x000000008e900000| Complete 
| 234|0x000000008ea00000, 0x000000008eb00000, 0x000000008eb00000|100%| O|Cm|TAMS 0x000000008ea00000| PB 0x000000008ea00000| Complete 
| 235|0x000000008eb00000, 0x000000008ec00000, 0x000000008ec00000|100%| O|Cm|TAMS 0x000000008eb00000| PB 0x000000008eb00000| Complete 
| 236|0x000000008ec00000, 0x000000008ed00000, 0x000000008ed00000|100%| O|Cm|TAMS 0x000000008ec00000| PB 0x000000008ec00000| Complete 
| 237|0x000000008ed00000, 0x000000008ee00000, 0x000000008ee00000|100%|HS|  |TAMS 0x000000008ed00000| PB 0x000000008ed00000| Complete 
| 238|0x000000008ee00000, 0x000000008ef00000, 0x000000008ef00000|100%|HC|  |TAMS 0x000000008ee00000| PB 0x000000008ee00000| Complete 
| 239|0x000000008ef00000, 0x000000008f000000, 0x000000008f000000|100%| O|  |TAMS 0x000000008ef00000| PB 0x000000008ef00000| Untracked 
| 240|0x000000008f000000, 0x000000008f100000, 0x000000008f100000|100%| O|  |TAMS 0x000000008f000000| PB 0x000000008f000000| Untracked 
| 241|0x000000008f100000, 0x000000008f200000, 0x000000008f200000|100%| O|Cm|TAMS 0x000000008f100000| PB 0x000000008f100000| Complete 
| 242|0x000000008f200000, 0x000000008f300000, 0x000000008f300000|100%| O|  |TAMS 0x000000008f200000| PB 0x000000008f200000| Untracked 
| 243|0x000000008f300000, 0x000000008f300000, 0x000000008f400000|  0%| F|  |TAMS 0x000000008f300000| PB 0x000000008f300000| Untracked 
| 244|0x000000008f400000, 0x000000008f400000, 0x000000008f500000|  0%| F|  |TAMS 0x000000008f400000| PB 0x000000008f400000| Untracked 
| 245|0x000000008f500000, 0x000000008f500000, 0x000000008f600000|  0%| F|  |TAMS 0x000000008f500000| PB 0x000000008f500000| Untracked 
| 246|0x000000008f600000, 0x000000008f600000, 0x000000008f700000|  0%| F|  |TAMS 0x000000008f600000| PB 0x000000008f600000| Untracked 
| 247|0x000000008f700000, 0x000000008f700000, 0x000000008f800000|  0%| F|  |TAMS 0x000000008f700000| PB 0x000000008f700000| Untracked 
| 248|0x000000008f800000, 0x000000008f800000, 0x000000008f900000|  0%| F|  |TAMS 0x000000008f800000| PB 0x000000008f800000| Untracked 
| 249|0x000000008f900000, 0x000000008f900000, 0x000000008fa00000|  0%| F|  |TAMS 0x000000008f900000| PB 0x000000008f900000| Untracked 
| 250|0x000000008fa00000, 0x000000008fa00000, 0x000000008fb00000|  0%| F|  |TAMS 0x000000008fa00000| PB 0x000000008fa00000| Untracked 
| 251|0x000000008fb00000, 0x000000008fb00000, 0x000000008fc00000|  0%| F|  |TAMS 0x000000008fb00000| PB 0x000000008fb00000| Untracked 
| 252|0x000000008fc00000, 0x000000008fc00000, 0x000000008fd00000|  0%| F|  |TAMS 0x000000008fc00000| PB 0x000000008fc00000| Untracked 
| 253|0x000000008fd00000, 0x000000008fd00000, 0x000000008fe00000|  0%| F|  |TAMS 0x000000008fd00000| PB 0x000000008fd00000| Untracked 
| 254|0x000000008fe00000, 0x000000008fe00000, 0x000000008ff00000|  0%| F|  |TAMS 0x000000008fe00000| PB 0x000000008fe00000| Untracked 
| 255|0x000000008ff00000, 0x000000008ff00000, 0x0000000090000000|  0%| F|  |TAMS 0x000000008ff00000| PB 0x000000008ff00000| Untracked 
| 256|0x0000000090000000, 0x0000000090000000, 0x0000000090100000|  0%| F|  |TAMS 0x0000000090000000| PB 0x0000000090000000| Untracked 
| 257|0x0000000090100000, 0x0000000090100000, 0x0000000090200000|  0%| F|  |TAMS 0x0000000090100000| PB 0x0000000090100000| Untracked 
| 258|0x0000000090200000, 0x0000000090200000, 0x0000000090300000|  0%| F|  |TAMS 0x0000000090200000| PB 0x0000000090200000| Untracked 
| 259|0x0000000090300000, 0x0000000090300000, 0x0000000090400000|  0%| F|  |TAMS 0x0000000090300000| PB 0x0000000090300000| Untracked 
| 260|0x0000000090400000, 0x0000000090400000, 0x0000000090500000|  0%| F|  |TAMS 0x0000000090400000| PB 0x0000000090400000| Untracked 
| 261|0x0000000090500000, 0x0000000090500000, 0x0000000090600000|  0%| F|  |TAMS 0x0000000090500000| PB 0x0000000090500000| Untracked 
| 262|0x0000000090600000, 0x0000000090600000, 0x0000000090700000|  0%| F|  |TAMS 0x0000000090600000| PB 0x0000000090600000| Untracked 
| 263|0x0000000090700000, 0x0000000090700000, 0x0000000090800000|  0%| F|  |TAMS 0x0000000090700000| PB 0x0000000090700000| Untracked 
| 264|0x0000000090800000, 0x0000000090800000, 0x0000000090900000|  0%| F|  |TAMS 0x0000000090800000| PB 0x0000000090800000| Untracked 
| 265|0x0000000090900000, 0x0000000090900000, 0x0000000090a00000|  0%| F|  |TAMS 0x0000000090900000| PB 0x0000000090900000| Untracked 
| 266|0x0000000090a00000, 0x0000000090a00000, 0x0000000090b00000|  0%| F|  |TAMS 0x0000000090a00000| PB 0x0000000090a00000| Untracked 
| 267|0x0000000090b00000, 0x0000000090b00000, 0x0000000090c00000|  0%| F|  |TAMS 0x0000000090b00000| PB 0x0000000090b00000| Untracked 
| 268|0x0000000090c00000, 0x0000000090c00000, 0x0000000090d00000|  0%| F|  |TAMS 0x0000000090c00000| PB 0x0000000090c00000| Untracked 
| 269|0x0000000090d00000, 0x0000000090d00000, 0x0000000090e00000|  0%| F|  |TAMS 0x0000000090d00000| PB 0x0000000090d00000| Untracked 
| 270|0x0000000090e00000, 0x0000000090e00000, 0x0000000090f00000|  0%| F|  |TAMS 0x0000000090e00000| PB 0x0000000090e00000| Untracked 
| 271|0x0000000090f00000, 0x0000000090f8a5e0, 0x0000000091000000| 54%| E|  |TAMS 0x0000000090f00000| PB 0x0000000090f00000| Complete 
| 272|0x0000000091000000, 0x0000000091100000, 0x0000000091100000|100%| E|CS|TAMS 0x0000000091000000| PB 0x0000000091000000| Complete 
| 273|0x0000000091100000, 0x0000000091200000, 0x0000000091200000|100%| E|  |TAMS 0x0000000091100000| PB 0x0000000091100000| Complete 
| 274|0x0000000091200000, 0x00000000912cace8, 0x0000000091300000| 79%| S|CS|TAMS 0x0000000091200000| PB 0x0000000091200000| Complete 
| 275|0x0000000091300000, 0x0000000091400000, 0x0000000091400000|100%| S|CS|TAMS 0x0000000091300000| PB 0x0000000091300000| Complete 
| 276|0x0000000091400000, 0x0000000091500000, 0x0000000091500000|100%| S|CS|TAMS 0x0000000091400000| PB 0x0000000091400000| Complete 
| 277|0x0000000091500000, 0x0000000091600000, 0x0000000091600000|100%| S|CS|TAMS 0x0000000091500000| PB 0x0000000091500000| Complete 
| 278|0x0000000091600000, 0x0000000091700000, 0x0000000091700000|100%| S|CS|TAMS 0x0000000091600000| PB 0x0000000091600000| Complete 
| 279|0x0000000091700000, 0x0000000091800000, 0x0000000091800000|100%| S|CS|TAMS 0x0000000091700000| PB 0x0000000091700000| Complete 
| 280|0x0000000091800000, 0x0000000091900000, 0x0000000091900000|100%| S|CS|TAMS 0x0000000091800000| PB 0x0000000091800000| Complete 
| 281|0x0000000091900000, 0x0000000091a00000, 0x0000000091a00000|100%| S|CS|TAMS 0x0000000091900000| PB 0x0000000091900000| Complete 
| 282|0x0000000091a00000, 0x0000000091b00000, 0x0000000091b00000|100%| S|CS|TAMS 0x0000000091a00000| PB 0x0000000091a00000| Complete 
| 283|0x0000000091b00000, 0x0000000091c00000, 0x0000000091c00000|100%| S|CS|TAMS 0x0000000091b00000| PB 0x0000000091b00000| Complete 
| 284|0x0000000091c00000, 0x0000000091d00000, 0x0000000091d00000|100%| S|CS|TAMS 0x0000000091c00000| PB 0x0000000091c00000| Complete 
| 285|0x0000000091d00000, 0x0000000091e00000, 0x0000000091e00000|100%| S|CS|TAMS 0x0000000091d00000| PB 0x0000000091d00000| Complete 
| 286|0x0000000091e00000, 0x0000000091f00000, 0x0000000091f00000|100%| S|CS|TAMS 0x0000000091e00000| PB 0x0000000091e00000| Complete 
| 287|0x0000000091f00000, 0x0000000092000000, 0x0000000092000000|100%| S|CS|TAMS 0x0000000091f00000| PB 0x0000000091f00000| Complete 
| 288|0x0000000092000000, 0x0000000092100000, 0x0000000092100000|100%| S|CS|TAMS 0x0000000092000000| PB 0x0000000092000000| Complete 
| 289|0x0000000092100000, 0x0000000092200000, 0x0000000092200000|100%| E|CS|TAMS 0x0000000092100000| PB 0x0000000092100000| Complete 
| 290|0x0000000092200000, 0x0000000092300000, 0x0000000092300000|100%| E|CS|TAMS 0x0000000092200000| PB 0x0000000092200000| Complete 
| 291|0x0000000092300000, 0x0000000092400000, 0x0000000092400000|100%| E|CS|TAMS 0x0000000092300000| PB 0x0000000092300000| Complete 
| 292|0x0000000092400000, 0x0000000092500000, 0x0000000092500000|100%| E|CS|TAMS 0x0000000092400000| PB 0x0000000092400000| Complete 
| 293|0x0000000092500000, 0x0000000092600000, 0x0000000092600000|100%| E|CS|TAMS 0x0000000092500000| PB 0x0000000092500000| Complete 
| 294|0x0000000092600000, 0x0000000092700000, 0x0000000092700000|100%| E|CS|TAMS 0x0000000092600000| PB 0x0000000092600000| Complete 
| 295|0x0000000092700000, 0x0000000092800000, 0x0000000092800000|100%| E|CS|TAMS 0x0000000092700000| PB 0x0000000092700000| Complete 
| 296|0x0000000092800000, 0x0000000092900000, 0x0000000092900000|100%| E|CS|TAMS 0x0000000092800000| PB 0x0000000092800000| Complete 
| 297|0x0000000092900000, 0x0000000092a00000, 0x0000000092a00000|100%| E|CS|TAMS 0x0000000092900000| PB 0x0000000092900000| Complete 
| 298|0x0000000092a00000, 0x0000000092b00000, 0x0000000092b00000|100%| E|CS|TAMS 0x0000000092a00000| PB 0x0000000092a00000| Complete 
| 299|0x0000000092b00000, 0x0000000092c00000, 0x0000000092c00000|100%| E|CS|TAMS 0x0000000092b00000| PB 0x0000000092b00000| Complete 
| 300|0x0000000092c00000, 0x0000000092d00000, 0x0000000092d00000|100%| E|CS|TAMS 0x0000000092c00000| PB 0x0000000092c00000| Complete 
| 301|0x0000000092d00000, 0x0000000092e00000, 0x0000000092e00000|100%| E|CS|TAMS 0x0000000092d00000| PB 0x0000000092d00000| Complete 
| 302|0x0000000092e00000, 0x0000000092f00000, 0x0000000092f00000|100%| E|CS|TAMS 0x0000000092e00000| PB 0x0000000092e00000| Complete 
| 303|0x0000000092f00000, 0x0000000093000000, 0x0000000093000000|100%| E|CS|TAMS 0x0000000092f00000| PB 0x0000000092f00000| Complete 
| 304|0x0000000093000000, 0x0000000093100000, 0x0000000093100000|100%| E|CS|TAMS 0x0000000093000000| PB 0x0000000093000000| Complete 
| 305|0x0000000093100000, 0x0000000093200000, 0x0000000093200000|100%| E|CS|TAMS 0x0000000093100000| PB 0x0000000093100000| Complete 
| 306|0x0000000093200000, 0x0000000093300000, 0x0000000093300000|100%| E|CS|TAMS 0x0000000093200000| PB 0x0000000093200000| Complete 
| 307|0x0000000093300000, 0x0000000093400000, 0x0000000093400000|100%| E|CS|TAMS 0x0000000093300000| PB 0x0000000093300000| Complete 
| 308|0x0000000093400000, 0x0000000093500000, 0x0000000093500000|100%| E|CS|TAMS 0x0000000093400000| PB 0x0000000093400000| Complete 
| 309|0x0000000093500000, 0x0000000093600000, 0x0000000093600000|100%| E|CS|TAMS 0x0000000093500000| PB 0x0000000093500000| Complete 
| 310|0x0000000093600000, 0x0000000093700000, 0x0000000093700000|100%| E|CS|TAMS 0x0000000093600000| PB 0x0000000093600000| Complete 
| 311|0x0000000093700000, 0x0000000093800000, 0x0000000093800000|100%| E|CS|TAMS 0x0000000093700000| PB 0x0000000093700000| Complete 
| 312|0x0000000093800000, 0x0000000093900000, 0x0000000093900000|100%| E|CS|TAMS 0x0000000093800000| PB 0x0000000093800000| Complete 
| 313|0x0000000093900000, 0x0000000093a00000, 0x0000000093a00000|100%| E|CS|TAMS 0x0000000093900000| PB 0x0000000093900000| Complete 
| 314|0x0000000093a00000, 0x0000000093b00000, 0x0000000093b00000|100%| E|CS|TAMS 0x0000000093a00000| PB 0x0000000093a00000| Complete 
| 315|0x0000000093b00000, 0x0000000093c00000, 0x0000000093c00000|100%| E|CS|TAMS 0x0000000093b00000| PB 0x0000000093b00000| Complete 
| 316|0x0000000093c00000, 0x0000000093d00000, 0x0000000093d00000|100%| E|CS|TAMS 0x0000000093c00000| PB 0x0000000093c00000| Complete 
| 317|0x0000000093d00000, 0x0000000093e00000, 0x0000000093e00000|100%| E|CS|TAMS 0x0000000093d00000| PB 0x0000000093d00000| Complete 
| 318|0x0000000093e00000, 0x0000000093f00000, 0x0000000093f00000|100%| E|CS|TAMS 0x0000000093e00000| PB 0x0000000093e00000| Complete 
| 319|0x0000000093f00000, 0x0000000094000000, 0x0000000094000000|100%| E|CS|TAMS 0x0000000093f00000| PB 0x0000000093f00000| Complete 
| 320|0x0000000094000000, 0x0000000094100000, 0x0000000094100000|100%| E|CS|TAMS 0x0000000094000000| PB 0x0000000094000000| Complete 
| 321|0x0000000094100000, 0x0000000094200000, 0x0000000094200000|100%| E|CS|TAMS 0x0000000094100000| PB 0x0000000094100000| Complete 
| 322|0x0000000094200000, 0x0000000094300000, 0x0000000094300000|100%| E|CS|TAMS 0x0000000094200000| PB 0x0000000094200000| Complete 
| 323|0x0000000094300000, 0x0000000094400000, 0x0000000094400000|100%| E|CS|TAMS 0x0000000094300000| PB 0x0000000094300000| Complete 
| 324|0x0000000094400000, 0x0000000094500000, 0x0000000094500000|100%| E|CS|TAMS 0x0000000094400000| PB 0x0000000094400000| Complete 
| 325|0x0000000094500000, 0x0000000094600000, 0x0000000094600000|100%| E|CS|TAMS 0x0000000094500000| PB 0x0000000094500000| Complete 
| 326|0x0000000094600000, 0x0000000094700000, 0x0000000094700000|100%| E|CS|TAMS 0x0000000094600000| PB 0x0000000094600000| Complete 
| 327|0x0000000094700000, 0x0000000094800000, 0x0000000094800000|100%| E|CS|TAMS 0x0000000094700000| PB 0x0000000094700000| Complete 
| 328|0x0000000094800000, 0x0000000094900000, 0x0000000094900000|100%| E|CS|TAMS 0x0000000094800000| PB 0x0000000094800000| Complete 
| 329|0x0000000094900000, 0x0000000094a00000, 0x0000000094a00000|100%| E|CS|TAMS 0x0000000094900000| PB 0x0000000094900000| Complete 
| 330|0x0000000094a00000, 0x0000000094b00000, 0x0000000094b00000|100%| E|CS|TAMS 0x0000000094a00000| PB 0x0000000094a00000| Complete 
| 331|0x0000000094b00000, 0x0000000094c00000, 0x0000000094c00000|100%| E|CS|TAMS 0x0000000094b00000| PB 0x0000000094b00000| Complete 
| 332|0x0000000094c00000, 0x0000000094d00000, 0x0000000094d00000|100%| E|CS|TAMS 0x0000000094c00000| PB 0x0000000094c00000| Complete 
| 333|0x0000000094d00000, 0x0000000094e00000, 0x0000000094e00000|100%| E|CS|TAMS 0x0000000094d00000| PB 0x0000000094d00000| Complete 
| 334|0x0000000094e00000, 0x0000000094f00000, 0x0000000094f00000|100%| E|CS|TAMS 0x0000000094e00000| PB 0x0000000094e00000| Complete 
| 335|0x0000000094f00000, 0x0000000095000000, 0x0000000095000000|100%| E|CS|TAMS 0x0000000094f00000| PB 0x0000000094f00000| Complete 
| 336|0x0000000095000000, 0x0000000095100000, 0x0000000095100000|100%| E|CS|TAMS 0x0000000095000000| PB 0x0000000095000000| Complete 
| 337|0x0000000095100000, 0x0000000095200000, 0x0000000095200000|100%| E|CS|TAMS 0x0000000095100000| PB 0x0000000095100000| Complete 
| 338|0x0000000095200000, 0x0000000095300000, 0x0000000095300000|100%| E|CS|TAMS 0x0000000095200000| PB 0x0000000095200000| Complete 
| 339|0x0000000095300000, 0x0000000095400000, 0x0000000095400000|100%| E|CS|TAMS 0x0000000095300000| PB 0x0000000095300000| Complete 
| 340|0x0000000095400000, 0x0000000095500000, 0x0000000095500000|100%| E|CS|TAMS 0x0000000095400000| PB 0x0000000095400000| Complete 
| 341|0x0000000095500000, 0x0000000095600000, 0x0000000095600000|100%| E|CS|TAMS 0x0000000095500000| PB 0x0000000095500000| Complete 
| 342|0x0000000095600000, 0x0000000095700000, 0x0000000095700000|100%| E|CS|TAMS 0x0000000095600000| PB 0x0000000095600000| Complete 
| 343|0x0000000095700000, 0x0000000095800000, 0x0000000095800000|100%| E|CS|TAMS 0x0000000095700000| PB 0x0000000095700000| Complete 
| 344|0x0000000095800000, 0x0000000095900000, 0x0000000095900000|100%| E|CS|TAMS 0x0000000095800000| PB 0x0000000095800000| Complete 
| 345|0x0000000095900000, 0x0000000095a00000, 0x0000000095a00000|100%| E|CS|TAMS 0x0000000095900000| PB 0x0000000095900000| Complete 
| 346|0x0000000095a00000, 0x0000000095b00000, 0x0000000095b00000|100%| E|CS|TAMS 0x0000000095a00000| PB 0x0000000095a00000| Complete 
| 347|0x0000000095b00000, 0x0000000095c00000, 0x0000000095c00000|100%| E|CS|TAMS 0x0000000095b00000| PB 0x0000000095b00000| Complete 
| 348|0x0000000095c00000, 0x0000000095d00000, 0x0000000095d00000|100%| E|CS|TAMS 0x0000000095c00000| PB 0x0000000095c00000| Complete 
| 349|0x0000000095d00000, 0x0000000095e00000, 0x0000000095e00000|100%| E|CS|TAMS 0x0000000095d00000| PB 0x0000000095d00000| Complete 
| 350|0x0000000095e00000, 0x0000000095f00000, 0x0000000095f00000|100%| E|CS|TAMS 0x0000000095e00000| PB 0x0000000095e00000| Complete 
| 351|0x0000000095f00000, 0x0000000096000000, 0x0000000096000000|100%| E|CS|TAMS 0x0000000095f00000| PB 0x0000000095f00000| Complete 
| 352|0x0000000096000000, 0x0000000096100000, 0x0000000096100000|100%| E|CS|TAMS 0x0000000096000000| PB 0x0000000096000000| Complete 
| 353|0x0000000096100000, 0x0000000096200000, 0x0000000096200000|100%| E|CS|TAMS 0x0000000096100000| PB 0x0000000096100000| Complete 
| 354|0x0000000096200000, 0x0000000096300000, 0x0000000096300000|100%| E|CS|TAMS 0x0000000096200000| PB 0x0000000096200000| Complete 
| 355|0x0000000096300000, 0x0000000096400000, 0x0000000096400000|100%| E|CS|TAMS 0x0000000096300000| PB 0x0000000096300000| Complete 
| 356|0x0000000096400000, 0x0000000096500000, 0x0000000096500000|100%| E|CS|TAMS 0x0000000096400000| PB 0x0000000096400000| Complete 
| 357|0x0000000096500000, 0x0000000096600000, 0x0000000096600000|100%| E|CS|TAMS 0x0000000096500000| PB 0x0000000096500000| Complete 
| 358|0x0000000096600000, 0x0000000096700000, 0x0000000096700000|100%| E|CS|TAMS 0x0000000096600000| PB 0x0000000096600000| Complete 
| 359|0x0000000096700000, 0x0000000096800000, 0x0000000096800000|100%| E|CS|TAMS 0x0000000096700000| PB 0x0000000096700000| Complete 
| 360|0x0000000096800000, 0x0000000096900000, 0x0000000096900000|100%| E|CS|TAMS 0x0000000096800000| PB 0x0000000096800000| Complete 
| 361|0x0000000096900000, 0x0000000096a00000, 0x0000000096a00000|100%| E|CS|TAMS 0x0000000096900000| PB 0x0000000096900000| Complete 
| 362|0x0000000096a00000, 0x0000000096b00000, 0x0000000096b00000|100%| E|CS|TAMS 0x0000000096a00000| PB 0x0000000096a00000| Complete 
| 363|0x0000000096b00000, 0x0000000096c00000, 0x0000000096c00000|100%| E|CS|TAMS 0x0000000096b00000| PB 0x0000000096b00000| Complete 
| 364|0x0000000096c00000, 0x0000000096d00000, 0x0000000096d00000|100%| E|CS|TAMS 0x0000000096c00000| PB 0x0000000096c00000| Complete 
| 365|0x0000000096d00000, 0x0000000096e00000, 0x0000000096e00000|100%| E|CS|TAMS 0x0000000096d00000| PB 0x0000000096d00000| Complete 
| 366|0x0000000096e00000, 0x0000000096f00000, 0x0000000096f00000|100%| E|CS|TAMS 0x0000000096e00000| PB 0x0000000096e00000| Complete 
| 367|0x0000000096f00000, 0x0000000097000000, 0x0000000097000000|100%| E|CS|TAMS 0x0000000096f00000| PB 0x0000000096f00000| Complete 
| 368|0x0000000097000000, 0x0000000097100000, 0x0000000097100000|100%| E|CS|TAMS 0x0000000097000000| PB 0x0000000097000000| Complete 
| 369|0x0000000097100000, 0x0000000097200000, 0x0000000097200000|100%| E|CS|TAMS 0x0000000097100000| PB 0x0000000097100000| Complete 
| 370|0x0000000097200000, 0x0000000097300000, 0x0000000097300000|100%| E|CS|TAMS 0x0000000097200000| PB 0x0000000097200000| Complete 
| 371|0x0000000097300000, 0x0000000097400000, 0x0000000097400000|100%| E|CS|TAMS 0x0000000097300000| PB 0x0000000097300000| Complete 
| 372|0x0000000097400000, 0x0000000097500000, 0x0000000097500000|100%| E|CS|TAMS 0x0000000097400000| PB 0x0000000097400000| Complete 
| 373|0x0000000097500000, 0x0000000097600000, 0x0000000097600000|100%| E|CS|TAMS 0x0000000097500000| PB 0x0000000097500000| Complete 
| 374|0x0000000097600000, 0x0000000097700000, 0x0000000097700000|100%| E|CS|TAMS 0x0000000097600000| PB 0x0000000097600000| Complete 
| 375|0x0000000097700000, 0x0000000097800000, 0x0000000097800000|100%| E|CS|TAMS 0x0000000097700000| PB 0x0000000097700000| Complete 
| 376|0x0000000097800000, 0x0000000097900000, 0x0000000097900000|100%| E|CS|TAMS 0x0000000097800000| PB 0x0000000097800000| Complete 
| 377|0x0000000097900000, 0x0000000097a00000, 0x0000000097a00000|100%| E|CS|TAMS 0x0000000097900000| PB 0x0000000097900000| Complete 
| 378|0x0000000097a00000, 0x0000000097b00000, 0x0000000097b00000|100%| E|CS|TAMS 0x0000000097a00000| PB 0x0000000097a00000| Complete 
| 379|0x0000000097b00000, 0x0000000097c00000, 0x0000000097c00000|100%| E|CS|TAMS 0x0000000097b00000| PB 0x0000000097b00000| Complete 
| 380|0x0000000097c00000, 0x0000000097d00000, 0x0000000097d00000|100%| E|CS|TAMS 0x0000000097c00000| PB 0x0000000097c00000| Complete 
| 381|0x0000000097d00000, 0x0000000097e00000, 0x0000000097e00000|100%| E|CS|TAMS 0x0000000097d00000| PB 0x0000000097d00000| Complete 
| 382|0x0000000097e00000, 0x0000000097f00000, 0x0000000097f00000|100%| E|CS|TAMS 0x0000000097e00000| PB 0x0000000097e00000| Complete 
| 383|0x0000000097f00000, 0x0000000098000000, 0x0000000098000000|100%| E|CS|TAMS 0x0000000097f00000| PB 0x0000000097f00000| Complete 
| 384|0x0000000098000000, 0x0000000098100000, 0x0000000098100000|100%| E|CS|TAMS 0x0000000098000000| PB 0x0000000098000000| Complete 
| 385|0x0000000098100000, 0x0000000098200000, 0x0000000098200000|100%| E|CS|TAMS 0x0000000098100000| PB 0x0000000098100000| Complete 
| 386|0x0000000098200000, 0x0000000098300000, 0x0000000098300000|100%| E|CS|TAMS 0x0000000098200000| PB 0x0000000098200000| Complete 
| 387|0x0000000098300000, 0x0000000098400000, 0x0000000098400000|100%| E|CS|TAMS 0x0000000098300000| PB 0x0000000098300000| Complete 
| 388|0x0000000098400000, 0x0000000098500000, 0x0000000098500000|100%| E|CS|TAMS 0x0000000098400000| PB 0x0000000098400000| Complete 
| 389|0x0000000098500000, 0x0000000098600000, 0x0000000098600000|100%| E|CS|TAMS 0x0000000098500000| PB 0x0000000098500000| Complete 
| 390|0x0000000098600000, 0x0000000098700000, 0x0000000098700000|100%| E|CS|TAMS 0x0000000098600000| PB 0x0000000098600000| Complete 
| 391|0x0000000098700000, 0x0000000098800000, 0x0000000098800000|100%| E|CS|TAMS 0x0000000098700000| PB 0x0000000098700000| Complete 
| 392|0x0000000098800000, 0x0000000098900000, 0x0000000098900000|100%| E|CS|TAMS 0x0000000098800000| PB 0x0000000098800000| Complete 
| 393|0x0000000098900000, 0x0000000098a00000, 0x0000000098a00000|100%| E|CS|TAMS 0x0000000098900000| PB 0x0000000098900000| Complete 
| 394|0x0000000098a00000, 0x0000000098b00000, 0x0000000098b00000|100%| E|CS|TAMS 0x0000000098a00000| PB 0x0000000098a00000| Complete 
| 395|0x0000000098b00000, 0x0000000098c00000, 0x0000000098c00000|100%| E|CS|TAMS 0x0000000098b00000| PB 0x0000000098b00000| Complete 
| 396|0x0000000098c00000, 0x0000000098d00000, 0x0000000098d00000|100%| E|CS|TAMS 0x0000000098c00000| PB 0x0000000098c00000| Complete 
| 397|0x0000000098d00000, 0x0000000098e00000, 0x0000000098e00000|100%| E|CS|TAMS 0x0000000098d00000| PB 0x0000000098d00000| Complete 
| 398|0x0000000098e00000, 0x0000000098f00000, 0x0000000098f00000|100%| E|CS|TAMS 0x0000000098e00000| PB 0x0000000098e00000| Complete 
| 399|0x0000000098f00000, 0x0000000099000000, 0x0000000099000000|100%| E|CS|TAMS 0x0000000098f00000| PB 0x0000000098f00000| Complete 
| 400|0x0000000099000000, 0x0000000099100000, 0x0000000099100000|100%| E|CS|TAMS 0x0000000099000000| PB 0x0000000099000000| Complete 
| 401|0x0000000099100000, 0x0000000099200000, 0x0000000099200000|100%| E|CS|TAMS 0x0000000099100000| PB 0x0000000099100000| Complete 
| 402|0x0000000099200000, 0x0000000099300000, 0x0000000099300000|100%| E|CS|TAMS 0x0000000099200000| PB 0x0000000099200000| Complete 
| 403|0x0000000099300000, 0x0000000099400000, 0x0000000099400000|100%| E|CS|TAMS 0x0000000099300000| PB 0x0000000099300000| Complete 
| 404|0x0000000099400000, 0x0000000099500000, 0x0000000099500000|100%| E|CS|TAMS 0x0000000099400000| PB 0x0000000099400000| Complete 
| 405|0x0000000099500000, 0x0000000099600000, 0x0000000099600000|100%| E|CS|TAMS 0x0000000099500000| PB 0x0000000099500000| Complete 
|2042|0x00000000ffa00000, 0x00000000ffb00000, 0x00000000ffb00000|100%| O|  |TAMS 0x00000000ffa00000| PB 0x00000000ffa00000| Untracked 
|2043|0x00000000ffb00000, 0x00000000ffc00000, 0x00000000ffc00000|100%| E|CS|TAMS 0x00000000ffb00000| PB 0x00000000ffb00000| Complete 
|2044|0x00000000ffc00000, 0x00000000ffd00000, 0x00000000ffd00000|100%| O|  |TAMS 0x00000000ffc00000| PB 0x00000000ffc00000| Untracked 
|2045|0x00000000ffd00000, 0x00000000ffe00000, 0x00000000ffe00000|100%| E|CS|TAMS 0x00000000ffd00000| PB 0x00000000ffd00000| Complete 
|2046|0x00000000ffe00000, 0x00000000fff00000, 0x00000000fff00000|100%| O|  |TAMS 0x00000000ffe00000| PB 0x00000000ffe00000| Untracked 
|2047|0x00000000fff00000, 0x0000000100000000, 0x0000000100000000|100%| O|  |TAMS 0x00000000fff00000| PB 0x00000000fff00000| Untracked 

Card table byte_map: [0x000001b9720c0000,0x000001b9724c0000] _byte_map_base: 0x000001b971cc0000

Marking Bits: (CMBitMap*) 0x000001b95d58e5b0
 Bits: [0x000001b9724c0000, 0x000001b9744c0000)

Polling page: 0x000001b95d6a0000

Metaspace:

Usage:
  Non-class:    174.47 MB used.
      Class:     25.47 MB used.
       Both:    199.94 MB used.

Virtual space:
  Non-class space:      192.00 MB reserved,     175.94 MB ( 92%) committed,  3 nodes.
      Class space:        1.00 GB reserved,      26.88 MB (  3%) committed,  1 nodes.
             Both:        1.19 GB reserved,     202.81 MB ( 17%) committed. 

Chunk freelists:
   Non-Class:  15.48 MB
       Class:  5.12 MB
        Both:  20.61 MB

MaxMetaspaceSize: unlimited
CompressedClassSpaceSize: 1.00 GB
Initial GC threshold: 21.00 MB
Current GC threshold: 312.62 MB
CDS: off
 - commit_granule_bytes: 65536.
 - commit_granule_words: 8192.
 - virtual_space_node_default_size: 8388608.
 - enlarge_chunks_in_place: 1.
 - use_allocation_guard: 0.


Internal statistics:

num_allocs_failed_limit: 6.
num_arena_births: 5604.
num_arena_deaths: 4.
num_vsnodes_births: 4.
num_vsnodes_deaths: 0.
num_space_committed: 3242.
num_space_uncommitted: 0.
num_chunks_returned_to_freelist: 16.
num_chunks_taken_from_freelist: 13839.
num_chunk_merges: 0.
num_chunk_splits: 9597.
num_chunks_enlarged: 6636.
num_inconsistent_stats: 0.

CodeHeap 'non-profiled nmethods': size=120000Kb used=11914Kb max_used=11914Kb free=108085Kb
 bounds [0x000001b96a460000, 0x000001b96b010000, 0x000001b971990000]
CodeHeap 'profiled nmethods': size=120000Kb used=41533Kb max_used=41533Kb free=78466Kb
 bounds [0x000001b962990000, 0x000001b965220000, 0x000001b969ec0000]
CodeHeap 'non-nmethods': size=5760Kb used=3689Kb max_used=3729Kb free=2070Kb
 bounds [0x000001b969ec0000, 0x000001b96a280000, 0x000001b96a460000]
 total_blobs=20523 nmethods=19209 adapters=1214
 compilation: enabled
              stopped_count=0, restarted_count=0
 full_count=0

Compilation events (20 events):
Event: 38.945 Thread 0x000001b9771058b0 22685   !   2       org.gradle.internal.snapshot.impl.DirectorySnapshotter$PathVisitor::doVisitFile (194 bytes)
Event: 38.948 Thread 0x000001b9771058b0 nmethod 22685 0x000001b9651dba90 code [0x000001b9651dbde0, 0x000001b9651dc920]
Event: 38.958 Thread 0x000001b9771058b0 22687       3       org.gradle.api.internal.changedetection.state.FallbackHandlingResourceHasher$$Lambda/0x0000000101acecb8::test (12 bytes)
Event: 38.959 Thread 0x000001b9771058b0 nmethod 22687 0x000001b9651dd310 code [0x000001b9651dd4c0, 0x000001b9651dd788]
Event: 38.959 Thread 0x000001b9771058b0 22688       3       org.gradle.api.internal.changedetection.state.DefaultZipEntryContext::getRelativePathSegments (12 bytes)
Event: 38.959 Thread 0x000001b9771058b0 nmethod 22688 0x000001b9651dd890 code [0x000001b9651dda40, 0x000001b9651ddcb8]
Event: 38.959 Thread 0x000001b9771058b0 22689       3       org.gradle.api.internal.changedetection.state.DefaultZipEntryContext$ZipEntryRelativePath::<init> (10 bytes)
Event: 38.959 Thread 0x000001b9771058b0 nmethod 22689 0x000001b9651ddd90 code [0x000001b9651ddf40, 0x000001b9651de0f8]
Event: 38.959 Thread 0x000001b9771058b0 22690       3       org.gradle.api.internal.changedetection.state.FallbackHandlingResourceHasher$$Lambda/0x0000000101ad04a8::get (12 bytes)
Event: 38.959 Thread 0x000001b9771058b0 nmethod 22690 0x000001b9651de190 code [0x000001b9651de340, 0x000001b9651de580]
Event: 38.959 Thread 0x000001b9771058b0 22691       3       org.gradle.api.internal.changedetection.state.FallbackHandlingResourceHasher::lambda$hashWithDelegate$3 (11 bytes)
Event: 38.959 Thread 0x000001b9771058b0 nmethod 22691 0x000001b9651de690 code [0x000001b9651de840, 0x000001b9651dea10]
Event: 38.994 Thread 0x000001b9771058b0 22692       3       org.gradle.internal.execution.steps.IdentifyStep::lambda$createIdentityContext$0 (34 bytes)
Event: 38.994 Thread 0x000001b9771058b0 nmethod 22692 0x000001b9651deb10 code [0x000001b9651dece0, 0x000001b9651df168]
Event: 39.182 Thread 0x000001b9771058b0 22694       3       org.gradle.internal.vfs.impl.VersionHierarchy::<init> (21 bytes)
Event: 39.183 Thread 0x000001b9771058b0 nmethod 22694 0x000001b9651df390 code [0x000001b9651df540, 0x000001b9651df708]
Event: 39.479 Thread 0x000001b9771058b0 22697       3       org.gradle.internal.operations.BuildOperationState::<init> (26 bytes)
Event: 39.479 Thread 0x000001b9771058b0 nmethod 22697 0x000001b9651df810 code [0x000001b9651df9c0, 0x000001b9651dfcf0]
Event: 39.487 Thread 0x000001b9771058b0 22698       3       sun.security.provider.SHA::implDigest (96 bytes)
Event: 39.490 Thread 0x000001b9771058b0 nmethod 22698 0x000001b9651dfe10 code [0x000001b9651e0120, 0x000001b9651e11a8]

GC Heap History (20 events):
Event: 21.671 GC heap before
{Heap before GC invocations=51 (full 0):
 garbage-first heap   total 312320K, used 279760K [0x0000000080000000, 0x0000000100000000)
  region size 1024K, 76 young (77824K), 9 survivors (9216K)
 Metaspace       used 150885K, committed 153280K, reserved 1245184K
  class space    used 19190K, committed 20352K, reserved 1048576K
}
Event: 21.679 GC heap after
{Heap after GC invocations=52 (full 0):
 garbage-first heap   total 312320K, used 212992K [0x0000000080000000, 0x0000000100000000)
  region size 1024K, 10 young (10240K), 10 survivors (10240K)
 Metaspace       used 150885K, committed 153280K, reserved 1245184K
  class space    used 19190K, committed 20352K, reserved 1048576K
}
Event: 22.640 GC heap before
{Heap before GC invocations=52 (full 0):
 garbage-first heap   total 312320K, used 278528K [0x0000000080000000, 0x0000000100000000)
  region size 1024K, 74 young (75776K), 10 survivors (10240K)
 Metaspace       used 157220K, committed 159744K, reserved 1245184K
  class space    used 19999K, committed 21248K, reserved 1048576K
}
Event: 22.645 GC heap after
{Heap after GC invocations=53 (full 0):
 garbage-first heap   total 312320K, used 216740K [0x0000000080000000, 0x0000000100000000)
  region size 1024K, 3 young (3072K), 3 survivors (3072K)
 Metaspace       used 157220K, committed 159744K, reserved 1245184K
  class space    used 19999K, committed 21248K, reserved 1048576K
}
Event: 23.572 GC heap before
{Heap before GC invocations=54 (full 0):
 garbage-first heap   total 362496K, used 287396K [0x0000000080000000, 0x0000000100000000)
  region size 1024K, 68 young (69632K), 3 survivors (3072K)
 Metaspace       used 161259K, committed 163712K, reserved 1245184K
  class space    used 20549K, committed 21760K, reserved 1048576K
}
Event: 23.576 GC heap after
{Heap after GC invocations=55 (full 0):
 garbage-first heap   total 362496K, used 223232K [0x0000000080000000, 0x0000000100000000)
  region size 1024K, 8 young (8192K), 8 survivors (8192K)
 Metaspace       used 161259K, committed 163712K, reserved 1245184K
  class space    used 20549K, committed 21760K, reserved 1048576K
}
Event: 25.120 GC heap before
{Heap before GC invocations=55 (full 0):
 garbage-first heap   total 362496K, used 328704K [0x0000000080000000, 0x0000000100000000)
  region size 1024K, 108 young (110592K), 8 survivors (8192K)
 Metaspace       used 169465K, committed 172096K, reserved 1245184K
  class space    used 21651K, committed 22976K, reserved 1048576K
}
Event: 25.126 GC heap after
{Heap after GC invocations=56 (full 0):
 garbage-first heap   total 362496K, used 230864K [0x0000000080000000, 0x0000000100000000)
  region size 1024K, 12 young (12288K), 12 survivors (12288K)
 Metaspace       used 169465K, committed 172096K, reserved 1245184K
  class space    used 21651K, committed 22976K, reserved 1048576K
}
Event: 25.808 GC heap before
{Heap before GC invocations=56 (full 0):
 garbage-first heap   total 362496K, used 330192K [0x0000000080000000, 0x0000000100000000)
  region size 1024K, 108 young (110592K), 12 survivors (12288K)
 Metaspace       used 169686K, committed 172352K, reserved 1245184K
  class space    used 21652K, committed 22976K, reserved 1048576K
}
Event: 25.820 GC heap after
{Heap after GC invocations=57 (full 0):
 garbage-first heap   total 362496K, used 237421K [0x0000000080000000, 0x0000000100000000)
  region size 1024K, 14 young (14336K), 14 survivors (14336K)
 Metaspace       used 169686K, committed 172352K, reserved 1245184K
  class space    used 21652K, committed 22976K, reserved 1048576K
}
Event: 26.929 GC heap before
{Heap before GC invocations=57 (full 0):
 garbage-first heap   total 362496K, used 328557K [0x0000000080000000, 0x0000000100000000)
  region size 1024K, 103 young (105472K), 14 survivors (14336K)
 Metaspace       used 173663K, committed 176320K, reserved 1245184K
  class space    used 22005K, committed 23296K, reserved 1048576K
}
Event: 26.940 GC heap after
{Heap after GC invocations=58 (full 0):
 garbage-first heap   total 362496K, used 248743K [0x0000000080000000, 0x0000000100000000)
  region size 1024K, 10 young (10240K), 10 survivors (10240K)
 Metaspace       used 173663K, committed 176320K, reserved 1245184K
  class space    used 22005K, committed 23296K, reserved 1048576K
}
Event: 28.092 GC heap before
{Heap before GC invocations=59 (full 0):
 garbage-first heap   total 411648K, used 329639K [0x0000000080000000, 0x0000000100000000)
  region size 1024K, 90 young (92160K), 10 survivors (10240K)
 Metaspace       used 179775K, committed 182464K, reserved 1245184K
  class space    used 23021K, committed 24384K, reserved 1048576K
}
Event: 28.100 GC heap after
{Heap after GC invocations=60 (full 0):
 garbage-first heap   total 411648K, used 249323K [0x0000000080000000, 0x0000000100000000)
  region size 1024K, 4 young (4096K), 4 survivors (4096K)
 Metaspace       used 179775K, committed 182464K, reserved 1245184K
  class space    used 23021K, committed 24384K, reserved 1048576K
}
Event: 29.873 GC heap before
{Heap before GC invocations=60 (full 0):
 garbage-first heap   total 411648K, used 379371K [0x0000000080000000, 0x0000000100000000)
  region size 1024K, 130 young (133120K), 4 survivors (4096K)
 Metaspace       used 187323K, committed 190208K, reserved 1245184K
  class space    used 24116K, committed 25536K, reserved 1048576K
}
Event: 29.882 GC heap after
{Heap after GC invocations=61 (full 0):
 garbage-first heap   total 411648K, used 243907K [0x0000000080000000, 0x0000000100000000)
  region size 1024K, 11 young (11264K), 11 survivors (11264K)
 Metaspace       used 187323K, committed 190208K, reserved 1245184K
  class space    used 24116K, committed 25536K, reserved 1048576K
}
Event: 31.544 GC heap before
{Heap before GC invocations=61 (full 0):
 garbage-first heap   total 411648K, used 371907K [0x0000000080000000, 0x0000000100000000)
  region size 1024K, 138 young (141312K), 11 survivors (11264K)
 Metaspace       used 187982K, committed 190848K, reserved 1245184K
  class space    used 24179K, committed 25600K, reserved 1048576K
}
Event: 31.555 GC heap after
{Heap after GC invocations=62 (full 0):
 garbage-first heap   total 411648K, used 250949K [0x0000000080000000, 0x0000000100000000)
  region size 1024K, 15 young (15360K), 15 survivors (15360K)
 Metaspace       used 187982K, committed 190848K, reserved 1245184K
  class space    used 24179K, committed 25600K, reserved 1048576K
}
Event: 33.747 GC heap before
{Heap before GC invocations=63 (full 0):
 garbage-first heap   total 421888K, used 373829K [0x0000000080000000, 0x0000000100000000)
  region size 1024K, 134 young (137216K), 15 survivors (15360K)
 Metaspace       used 200109K, committed 203008K, reserved 1245184K
  class space    used 25705K, committed 27136K, reserved 1048576K
}
Event: 33.760 GC heap after
{Heap after GC invocations=64 (full 0):
 garbage-first heap   total 421888K, used 256168K [0x0000000080000000, 0x0000000100000000)
  region size 1024K, 15 young (15360K), 15 survivors (15360K)
 Metaspace       used 200109K, committed 203008K, reserved 1245184K
  class space    used 25705K, committed 27136K, reserved 1048576K
}

Dll operation events (3 events):
Event: 0.020 Loaded shared library C:\Program Files\Android\Android Studio\jbr\bin\java.dll
Event: 0.032 Loaded shared library C:\Program Files\Android\Android Studio\jbr\bin\zip.dll
Event: 0.717 Loaded shared library C:\Program Files\Android\Android Studio\jbr\bin\verify.dll

Deoptimization events (20 events):
Event: 38.874 Thread 0x000001b901e13240 DEOPT PACKING pc=0x000001b963f84a6c sp=0x00000085243fd8d0
Event: 38.874 Thread 0x000001b901e13240 DEOPT UNPACKING pc=0x000001b969f188e2 sp=0x00000085243fcdc0 mode 0
Event: 38.898 Thread 0x000001b901e0bc20 Uncommon trap: trap_request=0xffffffd6 fr.pc=0x000001b96aff4f18 relative=0x0000000000000b38
Event: 38.898 Thread 0x000001b901e0bc20 Uncommon trap: reason=array_check action=maybe_recompile pc=0x000001b96aff4f18 method=com.google.common.collect.RegularImmutableMap.fromEntryArrayCheckingBucketOverflow(I[Ljava/util/Map$Entry;Z)Lcom/google/common/collect/ImmutableMap; @ 220 c2
Event: 38.898 Thread 0x000001b901e0bc20 DEOPT PACKING pc=0x000001b96aff4f18 sp=0x00000085242fce20
Event: 38.898 Thread 0x000001b901e0bc20 DEOPT UNPACKING pc=0x000001b969f17da2 sp=0x00000085242fcdc8 mode 2
Event: 38.901 Thread 0x000001b901e0bc20 Uncommon trap: trap_request=0xffffffd6 fr.pc=0x000001b96aff4f18 relative=0x0000000000000b38
Event: 38.901 Thread 0x000001b901e0bc20 Uncommon trap: reason=array_check action=maybe_recompile pc=0x000001b96aff4f18 method=com.google.common.collect.RegularImmutableMap.fromEntryArrayCheckingBucketOverflow(I[Ljava/util/Map$Entry;Z)Lcom/google/common/collect/ImmutableMap; @ 220 c2
Event: 38.901 Thread 0x000001b901e0bc20 DEOPT PACKING pc=0x000001b96aff4f18 sp=0x00000085242fc9a0
Event: 38.901 Thread 0x000001b901e0bc20 DEOPT UNPACKING pc=0x000001b969f17da2 sp=0x00000085242fc948 mode 2
Event: 38.904 Thread 0x000001b901e0bc20 Uncommon trap: trap_request=0xffffff54 fr.pc=0x000001b96aea97c8 relative=0x0000000000000f08
Event: 38.904 Thread 0x000001b901e0bc20 Uncommon trap: reason=speculate_null_assert action=make_not_entrant pc=0x000001b96aea97c8 method=org.gradle.internal.snapshot.impl.DirectorySnapshotter$PathVisitor.snapshotFile(Ljava/nio/file/Path;Ljava/lang/String;Ljava/nio/file/attribute/BasicFileAttrib
Event: 38.904 Thread 0x000001b901e0bc20 DEOPT PACKING pc=0x000001b96aea97c8 sp=0x00000085242fc400
Event: 38.904 Thread 0x000001b901e0bc20 DEOPT UNPACKING pc=0x000001b969f17da2 sp=0x00000085242fc360 mode 2
Event: 38.909 Thread 0x000001b901e0bc20 DEOPT PACKING pc=0x000001b963f84a6c sp=0x00000085242fe830
Event: 38.909 Thread 0x000001b901e0bc20 DEOPT UNPACKING pc=0x000001b969f188e2 sp=0x00000085242fdd20 mode 0
Event: 38.970 Thread 0x000001b901e138d0 DEOPT PACKING pc=0x000001b963f84a6c sp=0x00000085244fd5b0
Event: 38.970 Thread 0x000001b901e138d0 DEOPT UNPACKING pc=0x000001b969f188e2 sp=0x00000085244fcaa0 mode 0
Event: 39.260 Thread 0x000001b90a3b93e0 DEOPT PACKING pc=0x000001b963f84a6c sp=0x0000008523ffd910
Event: 39.260 Thread 0x000001b90a3b93e0 DEOPT UNPACKING pc=0x000001b969f188e2 sp=0x0000008523ffce00 mode 0

Classes loaded (20 events):
Event: 34.232 Loading class com/sun/org/apache/xerces/internal/dom/AttrImpl done
Event: 34.232 Loading class com/sun/org/apache/xerces/internal/dom/DeferredAttrImpl done
Event: 34.233 Loading class com/sun/org/apache/xerces/internal/dom/DeferredTextImpl
Event: 34.233 Loading class com/sun/org/apache/xerces/internal/dom/TextImpl
Event: 34.234 Loading class org/w3c/dom/CharacterData
Event: 34.234 Loading class org/w3c/dom/CharacterData done
Event: 34.234 Loading class org/w3c/dom/Text
Event: 34.234 Loading class org/w3c/dom/Text done
Event: 34.234 Loading class com/sun/org/apache/xerces/internal/dom/CharacterDataImpl
Event: 34.234 Loading class com/sun/org/apache/xerces/internal/dom/CharacterDataImpl done
Event: 34.234 Loading class com/sun/org/apache/xerces/internal/dom/TextImpl done
Event: 34.234 Loading class com/sun/org/apache/xerces/internal/dom/DeferredTextImpl done
Event: 34.234 Loading class com/sun/org/apache/xerces/internal/dom/CharacterDataImpl$1
Event: 34.234 Loading class com/sun/org/apache/xerces/internal/dom/CharacterDataImpl$1 done
Event: 34.234 Loading class com/sun/org/apache/xerces/internal/dom/DeferredCommentImpl
Event: 34.234 Loading class com/sun/org/apache/xerces/internal/dom/CommentImpl
Event: 34.234 Loading class org/w3c/dom/Comment
Event: 34.234 Loading class org/w3c/dom/Comment done
Event: 34.234 Loading class com/sun/org/apache/xerces/internal/dom/CommentImpl done
Event: 34.234 Loading class com/sun/org/apache/xerces/internal/dom/DeferredCommentImpl done

Classes unloaded (12 events):
Event: 10.329 Thread 0x000001b977088070 Unloading class 0x0000000100904948 '_BuildScript_$_run_closure1$_closure2'
Event: 10.329 Thread 0x000001b977088070 Unloading class 0x0000000100904548 '_BuildScript_$_run_closure1'
Event: 10.329 Thread 0x000001b977088070 Unloading class 0x0000000100904000 '_BuildScript_'
Event: 11.190 Thread 0x000001b977088070 Unloading class 0x000000010092d948 '_BuildScript_$_run_closure1$_closure3'
Event: 11.190 Thread 0x000001b977088070 Unloading class 0x000000010092d548 '_BuildScript_$_run_closure1$_closure2'
Event: 11.190 Thread 0x000001b977088070 Unloading class 0x000000010092d148 '_BuildScript_$_run_closure1'
Event: 11.190 Thread 0x000001b977088070 Unloading class 0x000000010092cc00 '_BuildScript_'
Event: 11.190 Thread 0x000001b977088070 Unloading class 0x000000010092c800 'JetGradlePlugin$_apply_closure1$_closure2$_closure3'
Event: 11.190 Thread 0x000001b977088070 Unloading class 0x000000010092c400 'JetGradlePlugin$_apply_closure1$_closure2'
Event: 11.190 Thread 0x000001b977088070 Unloading class 0x000000010092c000 'JetGradlePlugin$_apply_closure1'
Event: 11.190 Thread 0x000001b977088070 Unloading class 0x00000001009252e0 'JetGradlePlugin'
Event: 11.190 Thread 0x000001b977088070 Unloading class 0x0000000100925000 'RegistryProcessor'

Classes redefined (0 events):
No events

Internal exceptions (20 events):
Event: 34.113 Thread 0x000001b97d2ecef0 Implicit null exception at 0x000001b96aa71a67 to 0x000001b96aa71c08
Event: 34.113 Thread 0x000001b90a3b2450 Implicit null exception at 0x000001b96aa71a67 to 0x000001b96aa71c08
Event: 34.126 Thread 0x000001b97d3a60f0 Exception <a 'java/lang/NoSuchMethodError'{0x00000000988021c0}: static Lorg/gradle/internal/build/event/types/DefaultStatusEvent;.<clinit>()V> (0x00000000988021c0) 
thrown [s\src\hotspot\share\prims\jni.cpp, line 1139]
Event: 34.131 Thread 0x000001b97d3a60f0 Exception <a 'java/lang/NoSuchMethodError'{0x0000000098831f40}: static Lorg/gradle/internal/build/event/types/DefaultFileDownloadSuccessResult;.<clinit>()V> (0x0000000098831f40) 
thrown [s\src\hotspot\share\prims\jni.cpp, line 1139]
Event: 34.190 Thread 0x000001b97d2ecef0 Exception <a 'java/lang/NoSuchMethodError'{0x0000000098727f18}: 'int java.lang.invoke.DirectMethodHandle$Holder.invokeSpecial(java.lang.Object, java.lang.Object, int)'> (0x0000000098727f18) 
thrown [s\src\hotspot\share\interpreter\linkResolver.cpp, line 784]
Event: 35.076 Thread 0x000001b97d3a60f0 Exception <a 'java/lang/NoSuchMethodError'{0x0000000097ada698}: static Lorg/gradle/internal/build/event/types/NotFoundFileDownloadSuccessResult;.<clinit>()V> (0x0000000097ada698) 
thrown [s\src\hotspot\share\prims\jni.cpp, line 1139]
Event: 37.993 Thread 0x000001b97d2ecef0 Implicit null exception at 0x000001b962de803c to 0x000001b962de8ba4
Event: 37.993 Thread 0x000001b97d2ecef0 Exception <a 'java/lang/NullPointerException'{0x0000000096471b98}> (0x0000000096471b98) 
thrown [s\src\hotspot\share\runtime\sharedRuntime.cpp, line 625]
Event: 38.502 Thread 0x000001b90a3b93e0 Implicit null exception at 0x000001b962de803c to 0x000001b962de8ba4
Event: 38.502 Thread 0x000001b90a3b93e0 Exception <a 'java/lang/NullPointerException'{0x000000009598f0e0}> (0x000000009598f0e0) 
thrown [s\src\hotspot\share\runtime\sharedRuntime.cpp, line 625]
Event: 38.511 Thread 0x000001b901e0c940 Implicit null exception at 0x000001b962de803c to 0x000001b962de8ba4
Event: 38.511 Thread 0x000001b901e0c940 Exception <a 'java/lang/NullPointerException'{0x00000000959e1ca8}> (0x00000000959e1ca8) 
thrown [s\src\hotspot\share\runtime\sharedRuntime.cpp, line 625]
Event: 38.513 Thread 0x000001b90a3b9a70 Implicit null exception at 0x000001b962de803c to 0x000001b962de8ba4
Event: 38.513 Thread 0x000001b90a3b9a70 Exception <a 'java/lang/NullPointerException'{0x000000009580a3e8}> (0x000000009580a3e8) 
thrown [s\src\hotspot\share\runtime\sharedRuntime.cpp, line 625]
Event: 38.515 Thread 0x000001b901e0bc20 Implicit null exception at 0x000001b962de803c to 0x000001b962de8ba4
Event: 38.516 Thread 0x000001b901e0bc20 Exception <a 'java/lang/NullPointerException'{0x000000009585c150}> (0x000000009585c150) 
thrown [s\src\hotspot\share\runtime\sharedRuntime.cpp, line 625]
Event: 38.517 Thread 0x000001b901e138d0 Implicit null exception at 0x000001b962de803c to 0x000001b962de8ba4
Event: 38.517 Thread 0x000001b901e13240 Implicit null exception at 0x000001b962de803c to 0x000001b962de8ba4
Event: 38.517 Thread 0x000001b901e138d0 Exception <a 'java/lang/NullPointerException'{0x000000009588df10}> (0x000000009588df10) 
thrown [s\src\hotspot\share\runtime\sharedRuntime.cpp, line 625]
Event: 38.517 Thread 0x000001b901e13240 Exception <a 'java/lang/NullPointerException'{0x00000000958cc3d0}> (0x00000000958cc3d0) 
thrown [s\src\hotspot\share\runtime\sharedRuntime.cpp, line 625]

ZGC Phase Switch (0 events):
No events

VM Operations (20 events):
Event: 33.858 Executing VM operation: HandshakeAllThreads (Deoptimize)
Event: 33.858 Executing VM operation: HandshakeAllThreads (Deoptimize) done
Event: 33.892 Executing VM operation: HandshakeAllThreads (Deoptimize)
Event: 33.892 Executing VM operation: HandshakeAllThreads (Deoptimize) done
Event: 34.199 Executing VM operation: HandshakeAllThreads (Deoptimize)
Event: 34.199 Executing VM operation: HandshakeAllThreads (Deoptimize) done
Event: 34.445 Executing VM operation: ICBufferFull
Event: 34.445 Executing VM operation: ICBufferFull done
Event: 35.447 Executing VM operation: Cleanup
Event: 35.447 Executing VM operation: Cleanup done
Event: 36.456 Executing VM operation: Cleanup
Event: 36.456 Executing VM operation: Cleanup done
Event: 37.464 Executing VM operation: Cleanup
Event: 37.464 Executing VM operation: Cleanup done
Event: 38.386 Executing VM operation: ICBufferFull
Event: 38.386 Executing VM operation: ICBufferFull done
Event: 38.597 Executing VM operation: HandshakeAllThreads (Deoptimize)
Event: 38.597 Executing VM operation: HandshakeAllThreads (Deoptimize) done
Event: 38.603 Executing VM operation: HandshakeAllThreads (Deoptimize)
Event: 38.603 Executing VM operation: HandshakeAllThreads (Deoptimize) done

Memory protections (0 events):
No events

Nmethod flushes (20 events):
Event: 31.664 Thread 0x000001b977088070 flushing  nmethod 0x000001b963834610
Event: 31.664 Thread 0x000001b977088070 flushing  nmethod 0x000001b963836a90
Event: 31.664 Thread 0x000001b977088070 flushing  nmethod 0x000001b963837590
Event: 31.664 Thread 0x000001b977088070 flushing  nmethod 0x000001b9638e5810
Event: 31.664 Thread 0x000001b977088070 flushing  nmethod 0x000001b9638e6910
Event: 31.664 Thread 0x000001b977088070 flushing  nmethod 0x000001b9638e7790
Event: 31.664 Thread 0x000001b977088070 flushing  nmethod 0x000001b9638eaf10
Event: 31.664 Thread 0x000001b977088070 flushing  nmethod 0x000001b9638ef210
Event: 31.664 Thread 0x000001b977088070 flushing  nmethod 0x000001b9638f0a90
Event: 31.664 Thread 0x000001b977088070 flushing  nmethod 0x000001b963a67510
Event: 31.664 Thread 0x000001b977088070 flushing  nmethod 0x000001b963b36c90
Event: 31.664 Thread 0x000001b977088070 flushing  nmethod 0x000001b963b8b490
Event: 31.664 Thread 0x000001b977088070 flushing  nmethod 0x000001b963b8e990
Event: 31.664 Thread 0x000001b977088070 flushing  nmethod 0x000001b963b8f390
Event: 31.664 Thread 0x000001b977088070 flushing  nmethod 0x000001b963e6ec90
Event: 31.664 Thread 0x000001b977088070 flushing  nmethod 0x000001b96405b310
Event: 31.664 Thread 0x000001b977088070 flushing  nmethod 0x000001b96434ff10
Event: 31.664 Thread 0x000001b977088070 flushing  nmethod 0x000001b9644da590
Event: 31.664 Thread 0x000001b977088070 flushing  nmethod 0x000001b96462b390
Event: 31.664 Thread 0x000001b977088070 flushing  nmethod 0x000001b96462b790

Events (20 events):
Event: 34.577 Thread 0x000001b97d2ecef0 Thread added: 0x000001b90a3afcf0
Event: 34.577 Thread 0x000001b97d2ecef0 Thread added: 0x000001b90a3b3170
Event: 34.577 Thread 0x000001b97d2ecef0 Thread added: 0x000001b90a3ad590
Event: 34.578 Thread 0x000001b97d2ecef0 Thread added: 0x000001b90a3b10a0
Event: 35.042 Thread 0x000001b97d2ecef0 Thread added: 0x000001b90a3ac1e0
Event: 35.042 Thread 0x000001b97d2ecef0 Thread added: 0x000001b90a3b2ae0
Event: 37.908 Thread 0x000001b97d2ecef0 Thread added: 0x000001b90a3b0a10
Event: 37.909 Thread 0x000001b97d2ecef0 Thread added: 0x000001b90a3b3800
Event: 38.070 Thread 0x000001b97d2ecef0 Thread added: 0x000001b90a3b3e90
Event: 38.070 Thread 0x000001b97d2ecef0 Thread added: 0x000001b90a3ae2b0
Event: 38.070 Thread 0x000001b97d2ecef0 Thread added: 0x000001b90a3b86c0
Event: 38.217 Thread 0x000001b97d2ecef0 Thread added: 0x000001b90a3b8d50
Event: 38.217 Thread 0x000001b97d2ecef0 Thread added: 0x000001b90a3b58d0
Event: 38.441 Thread 0x000001b97d2ecef0 Thread added: 0x000001b90a3b6c80
Event: 38.442 Thread 0x000001b97d2ecef0 Thread added: 0x000001b90a3b93e0
Event: 38.442 Thread 0x000001b97d2ecef0 Thread added: 0x000001b90a3b9a70
Event: 38.443 Thread 0x000001b97d2ecef0 Thread added: 0x000001b901e0c940
Event: 38.443 Thread 0x000001b97d2ecef0 Thread added: 0x000001b901e0bc20
Event: 38.443 Thread 0x000001b97d2ecef0 Thread added: 0x000001b901e13240
Event: 38.444 Thread 0x000001b97d2ecef0 Thread added: 0x000001b901e138d0


Dynamic libraries:
0x00007ff78e310000 - 0x00007ff78e31a000 	C:\Program Files\Android\Android Studio\jbr\bin\java.exe
0x00007ffb27790000 - 0x00007ffb279a7000 	C:\WINDOWS\SYSTEM32\ntdll.dll
0x00007ffb268a0000 - 0x00007ffb26964000 	C:\WINDOWS\System32\KERNEL32.DLL
0x00007ffb24f10000 - 0x00007ffb252e2000 	C:\WINDOWS\System32\KERNELBASE.dll
0x00007ffb24d30000 - 0x00007ffb24e41000 	C:\WINDOWS\System32\ucrtbase.dll
0x00007ffb01f00000 - 0x00007ffb01f1b000 	C:\Program Files\Android\Android Studio\jbr\bin\VCRUNTIME140.dll
0x00007ffb19bc0000 - 0x00007ffb19bd8000 	C:\Program Files\Android\Android Studio\jbr\bin\jli.dll
0x00007ffb274a0000 - 0x00007ffb27651000 	C:\WINDOWS\System32\USER32.dll
0x00007ffb11b70000 - 0x00007ffb11e0b000 	C:\WINDOWS\WinSxS\amd64_microsoft.windows.common-controls_6595b64144ccf1df_6.0.22621.5697_none_27154c497380d676\COMCTL32.dll
0x00007ffb24b40000 - 0x00007ffb24b66000 	C:\WINDOWS\System32\win32u.dll
0x00007ffb26d20000 - 0x00007ffb26dc7000 	C:\WINDOWS\System32\msvcrt.dll
0x00007ffb26dd0000 - 0x00007ffb26df9000 	C:\WINDOWS\System32\GDI32.dll
0x00007ffb252f0000 - 0x00007ffb25413000 	C:\WINDOWS\System32\gdi32full.dll
0x00007ffb248b0000 - 0x00007ffb2494a000 	C:\WINDOWS\System32\msvcp_win.dll
0x00007ffb26c30000 - 0x00007ffb26c61000 	C:\WINDOWS\System32\IMM32.DLL
0x00007ffb1e7b0000 - 0x00007ffb1e7bc000 	C:\Program Files\Android\Android Studio\jbr\bin\vcruntime140_1.dll
0x00007ffaf91a0000 - 0x00007ffaf922d000 	C:\Program Files\Android\Android Studio\jbr\bin\msvcp140.dll
0x00007ffa865f0000 - 0x00007ffa8727b000 	C:\Program Files\Android\Android Studio\jbr\bin\server\jvm.dll
0x00007ffb272b0000 - 0x00007ffb27361000 	C:\WINDOWS\System32\ADVAPI32.dll
0x00007ffb26300000 - 0x00007ffb263a8000 	C:\WINDOWS\System32\sechost.dll
0x00007ffb24880000 - 0x00007ffb248a8000 	C:\WINDOWS\System32\bcrypt.dll
0x00007ffb26b10000 - 0x00007ffb26c27000 	C:\WINDOWS\System32\RPCRT4.dll
0x00007ffb26090000 - 0x00007ffb26101000 	C:\WINDOWS\System32\WS2_32.dll
0x00007ffb24750000 - 0x00007ffb2479d000 	C:\WINDOWS\SYSTEM32\POWRPROF.dll
0x00007ffb1e710000 - 0x00007ffb1e744000 	C:\WINDOWS\SYSTEM32\WINMM.dll
0x00007ffb1f590000 - 0x00007ffb1f59a000 	C:\WINDOWS\SYSTEM32\VERSION.dll
0x00007ffb24730000 - 0x00007ffb24743000 	C:\WINDOWS\SYSTEM32\UMPDC.dll
0x00007ffb237c0000 - 0x00007ffb237d8000 	C:\WINDOWS\SYSTEM32\kernel.appcore.dll
0x00007ffb19610000 - 0x00007ffb1961a000 	C:\Program Files\Android\Android Studio\jbr\bin\jimage.dll
0x00007ffb22340000 - 0x00007ffb22573000 	C:\WINDOWS\SYSTEM32\DBGHELP.DLL
0x00007ffb26f10000 - 0x00007ffb272a2000 	C:\WINDOWS\System32\combase.dll
0x00007ffb273c0000 - 0x00007ffb27498000 	C:\WINDOWS\System32\OLEAUT32.dll
0x00007ffb0fb80000 - 0x00007ffb0fbb2000 	C:\WINDOWS\SYSTEM32\dbgcore.DLL
0x00007ffb24950000 - 0x00007ffb249cb000 	C:\WINDOWS\System32\bcryptPrimitives.dll
0x00007ffb205a0000 - 0x00007ffb205ae000 	C:\Program Files\Android\Android Studio\jbr\bin\instrument.dll
0x00007ffaff840000 - 0x00007ffaff860000 	C:\Program Files\Android\Android Studio\jbr\bin\java.dll
0x00007ffaff820000 - 0x00007ffaff838000 	C:\Program Files\Android\Android Studio\jbr\bin\zip.dll
0x00007ffb257e0000 - 0x00007ffb26081000 	C:\WINDOWS\System32\SHELL32.dll
0x00007ffb24bf0000 - 0x00007ffb24d2f000 	C:\WINDOWS\System32\wintypes.dll
0x00007ffb22710000 - 0x00007ffb2302a000 	C:\WINDOWS\SYSTEM32\windows.storage.dll
0x00007ffb26e00000 - 0x00007ffb26f0b000 	C:\WINDOWS\System32\SHCORE.dll
0x00007ffb263b0000 - 0x00007ffb26419000 	C:\WINDOWS\System32\shlwapi.dll
0x00007ffb247b0000 - 0x00007ffb247db000 	C:\WINDOWS\SYSTEM32\profapi.dll
0x00007ffb0d920000 - 0x00007ffb0d930000 	C:\Program Files\Android\Android Studio\jbr\bin\net.dll
0x00007ffb1e490000 - 0x00007ffb1e5bc000 	C:\WINDOWS\SYSTEM32\WINHTTP.dll
0x00007ffb23cf0000 - 0x00007ffb23d59000 	C:\WINDOWS\system32\mswsock.dll
0x00007ffaff800000 - 0x00007ffaff816000 	C:\Program Files\Android\Android Studio\jbr\bin\nio.dll
0x00007ffaff1f0000 - 0x00007ffaff200000 	C:\Program Files\Android\Android Studio\jbr\bin\verify.dll
0x00007ffaff4b0000 - 0x00007ffaff4d7000 	C:\Users\USER\.gradle\native\1def1411415f61bf3af743bc5b6707747c0891f09f0c88961ee8f79bc544acac\windows-amd64\native-platform.dll
0x00007ffadc780000 - 0x00007ffadc7f8000 	C:\Users\USER\.gradle\native\0.2.7\x86_64-windows-gnu\gradle-fileevents.dll
0x00007ffb01c10000 - 0x00007ffb01c19000 	C:\Program Files\Android\Android Studio\jbr\bin\management.dll
0x00007ffaff3b0000 - 0x00007ffaff3bb000 	C:\Program Files\Android\Android Studio\jbr\bin\management_ext.dll
0x00007ffb26d10000 - 0x00007ffb26d18000 	C:\WINDOWS\System32\PSAPI.DLL
0x00007ffb23290000 - 0x00007ffb232bd000 	C:\WINDOWS\SYSTEM32\IPHLPAPI.DLL
0x00007ffb26120000 - 0x00007ffb26129000 	C:\WINDOWS\System32\NSI.dll
0x00007ffb02660000 - 0x00007ffb02669000 	C:\Program Files\Android\Android Studio\jbr\bin\extnet.dll
0x00007ffb23f20000 - 0x00007ffb23f3b000 	C:\WINDOWS\SYSTEM32\CRYPTSP.dll
0x00007ffb23780000 - 0x00007ffb237b7000 	C:\WINDOWS\system32\rsaenh.dll
0x00007ffb23db0000 - 0x00007ffb23dd8000 	C:\WINDOWS\SYSTEM32\USERENV.dll
0x00007ffb23f10000 - 0x00007ffb23f1c000 	C:\WINDOWS\SYSTEM32\CRYPTBASE.dll
0x00007ffae1300000 - 0x00007ffae1308000 	C:\WINDOWS\system32\wshunix.dll
0x00007ffb23300000 - 0x00007ffb233f8000 	C:\WINDOWS\SYSTEM32\DNSAPI.dll
0x00007ffb19b10000 - 0x00007ffb19b1a000 	C:\Windows\System32\rasadhlp.dll
0x00007ffb1d750000 - 0x00007ffb1d7d4000 	C:\WINDOWS\System32\fwpuclnt.dll
0x00007ffaf86a0000 - 0x00007ffaf86b7000 	C:\WINDOWS\system32\napinsp.dll
0x00007ffaf8590000 - 0x00007ffaf85ab000 	C:\WINDOWS\system32\pnrpnsp.dll
0x00007ffaf8570000 - 0x00007ffaf8581000 	C:\WINDOWS\System32\winrnr.dll
0x00007ffaf8450000 - 0x00007ffaf846f000 	C:\WINDOWS\system32\wshbth.dll
0x00007ffaf8540000 - 0x00007ffaf8561000 	C:\WINDOWS\system32\nlansp_c.dll

dbghelp: loaded successfully - version: 4.0.5 - missing functions: none
symbol engine: initialized successfully - sym options: 0x614 - pdb path: .;C:\Program Files\Android\Android Studio\jbr\bin;C:\WINDOWS\SYSTEM32;C:\WINDOWS\WinSxS\amd64_microsoft.windows.common-controls_6595b64144ccf1df_6.0.22621.5697_none_27154c497380d676;C:\Program Files\Android\Android Studio\jbr\bin\server;C:\Users\USER\.gradle\native\1def1411415f61bf3af743bc5b6707747c0891f09f0c88961ee8f79bc544acac\windows-amd64;C:\Users\USER\.gradle\native\0.2.7\x86_64-windows-gnu

VM Arguments:
jvm_args: --add-opens=java.base/java.lang=ALL-UNNAMED --add-opens=java.base/java.lang.invoke=ALL-UNNAMED --add-opens=java.base/java.util=ALL-UNNAMED --add-opens=java.prefs/java.util.prefs=ALL-UNNAMED --add-exports=jdk.compiler/com.sun.tools.javac.api=ALL-UNNAMED --add-exports=jdk.compiler/com.sun.tools.javac.util=ALL-UNNAMED --add-opens=java.base/java.util=ALL-UNNAMED --add-opens=java.prefs/java.util.prefs=ALL-UNNAMED --add-opens=java.base/java.nio.charset=ALL-UNNAMED --add-opens=java.base/java.net=ALL-UNNAMED --add-opens=java.base/java.util.concurrent.atomic=ALL-UNNAMED --add-opens=java.xml/javax.xml.namespace=ALL-UNNAMED -Xmx2048m -Dfile.encoding=UTF-8 -Duser.country=ID -Duser.language=en -Duser.variant -javaagent:C:\Users\USER\.gradle\wrapper\dists\gradle-8.13-bin\5xuhj0ry160q40clulazy9h7d\gradle-8.13\lib\agents\gradle-instrumentation-agent-8.13.jar 
java_command: org.gradle.launcher.daemon.bootstrap.GradleDaemon 8.13
java_class_path (initial): C:\Users\USER\.gradle\wrapper\dists\gradle-8.13-bin\5xuhj0ry160q40clulazy9h7d\gradle-8.13\lib\gradle-daemon-main-8.13.jar
Launcher Type: SUN_STANDARD

[Global flags]
     intx CICompilerCount                          = 4                                         {product} {ergonomic}
     uint ConcGCThreads                            = 2                                         {product} {ergonomic}
     uint G1ConcRefinementThreads                  = 8                                         {product} {ergonomic}
   size_t G1HeapRegionSize                         = 1048576                                   {product} {ergonomic}
    uintx GCDrainStackTargetSize                   = 64                                        {product} {ergonomic}
   size_t InitialHeapSize                          = 132120576                                 {product} {ergonomic}
   size_t MarkStackSize                            = 4194304                                   {product} {ergonomic}
   size_t MaxHeapSize                              = 2147483648                                {product} {command line}
   size_t MaxNewSize                               = 1287651328                                {product} {ergonomic}
   size_t MinHeapDeltaBytes                        = 1048576                                   {product} {ergonomic}
   size_t MinHeapSize                              = 8388608                                   {product} {ergonomic}
    uintx NonNMethodCodeHeapSize                   = 5839372                                {pd product} {ergonomic}
    uintx NonProfiledCodeHeapSize                  = 122909434                              {pd product} {ergonomic}
    uintx ProfiledCodeHeapSize                     = 122909434                              {pd product} {ergonomic}
    uintx ReservedCodeCacheSize                    = 251658240                              {pd product} {ergonomic}
     bool SegmentedCodeCache                       = true                                      {product} {ergonomic}
   size_t SoftMaxHeapSize                          = 2147483648                             {manageable} {ergonomic}
     bool UseCompressedOops                        = true                           {product lp64_product} {ergonomic}
     bool UseG1GC                                  = true                                      {product} {ergonomic}
     bool UseLargePagesIndividualAllocation        = false                                  {pd product} {ergonomic}

Logging:
Log output configuration:
 #0: stdout all=warning uptime,level,tags foldmultilines=false
 #1: stderr all=off uptime,level,tags foldmultilines=false

Environment Variables:
PATH=C:\app\USER\product\21c\dbhomeXE\bin;C:\Program Files (x86)\Common Files\Intel\Shared Libraries\redist\intel64\compiler;C:\WINDOWS\system32;C:\WINDOWS;C:\WINDOWS\System32\Wbem;C:\WINDOWS\System32\WindowsPowerShell\v1.0\;C:\WINDOWS\System32\OpenSSH\;C:\Program Files\nodejs\;C:\Program Files\Git\cmd;C:\Program Files\dotnet\;C:\Program Files\MySQL\MySQL Server 9.3\bin;C:\Users\USER\AppData\Local\Programs\Python\Launcher\;C:\Users\USER\AppData\Local\Microsoft\WindowsApps;C:\Users\USER\AppData\Local\Programs\Microsoft VS Code\bin;C:\Users\USER\AppData\Local\GitHubDesktop\bin;C:\Users\USER\AppData\Roaming\npm;D:\xampp;D:\xampp\php;
USERNAME=USER
OS=Windows_NT
PROCESSOR_IDENTIFIER=Intel64 Family 6 Model 126 Stepping 5, GenuineIntel
TMP=C:\Users\USER\AppData\Local\Temp
TEMP=C:\Users\USER\AppData\Local\Temp




Periodic native trim disabled

JNI global refs:
JNI global refs: 28, weak refs: 8

JNI global refs memory usage: 835, weak refs: 833

Process memory usage:
Resident Set Size: 819488K (10% of 8178936K total physical memory with 232360K free physical memory)

OOME stack traces (most recent first):
Classloader memory used:
Loader org.gradle.internal.classloader.VisitableURLClassLoader                         : 110M
Loader bootstrap                                                                       : 36440K
Loader org.gradle.internal.classloader.VisitableURLClassLoader$InstrumentingVisitableURLClassLoader: 32316K
Loader org.gradle.initialization.MixInLegacyTypesClassLoader                           : 14459K
Loader org.gradle.internal.classloader.VisitableURLClassLoader                         : 6196K
Loader jdk.internal.loader.ClassLoaders$PlatformClassLoader                            : 803K
Loader jdk.internal.reflect.DelegatingClassLoader                                      : 509K
Loader jdk.internal.jrtfs.JrtFileSystemProvider$JrtFsLoader                            : 341K
Loader jdk.internal.loader.ClassLoaders$AppClassLoader                                 : 235K
Loader org.gradle.groovy.scripts.internal.DefaultScriptCompilationHandler$ScriptClassLoader: 90024B
Loader org.codehaus.groovy.runtime.callsite.CallSiteClassLoader                        : 48680B

Classes loaded by more than one classloader:
Class Program                                                                         : loaded 5 times (x 68B)
Class com.google.common.collect.Iterators$MergingIterator                             : loaded 3 times (x 77B)
Class com.google.common.collect.ImmutableList$SubList                                 : loaded 3 times (x 205B)
Class com.google.common.collect.RegularImmutableMap$KeySet                            : loaded 3 times (x 148B)
Class com.google.common.collect.ImmutableSet$SetBuilderImpl                           : loaded 3 times (x 72B)
Class com.google.common.collect.ImmutableList                                         : loaded 3 times (x 202B)
Class Build_gradle                                                                    : loaded 3 times (x 126B)
Class com.google.common.collect.ImmutableMapEntrySet$RegularEntrySet                  : loaded 3 times (x 148B)
Class com.google.common.collect.RangeSet                                              : loaded 3 times (x 66B)
Class com.google.common.base.Joiner$2                                                 : loaded 3 times (x 75B)
Class com.google.common.collect.RangeGwtSerializationDependencies                     : loaded 3 times (x 67B)
Class com.google.common.collect.PeekingIterator                                       : loaded 3 times (x 66B)
Class com.google.common.base.Joiner$1                                                 : loaded 3 times (x 76B)
Class com.google.common.base.Preconditions                                            : loaded 3 times (x 67B)
Class com.google.common.collect.RegularImmutableMap$BucketOverflowException           : loaded 3 times (x 78B)
Class com.google.common.collect.ImmutableSet$RegularSetBuilderImpl                    : loaded 3 times (x 73B)
Class com.google.common.collect.ImmutableRangeSet$ComplementRanges                    : loaded 3 times (x 203B)
Class org.gradle.internal.IoActions                                                   : loaded 3 times (x 67B)
Class org.gradle.api.GradleException                                                  : loaded 3 times (x 78B)
Class com.google.common.collect.ImmutableEntry                                        : loaded 3 times (x 78B)
Class com.google.common.collect.AbstractRangeSet                                      : loaded 3 times (x 110B)
Class com.google.common.collect.ImmutableMap                                          : loaded 3 times (x 116B)
Class com.google.common.base.Predicate                                                : loaded 3 times (x 66B)
Class org.gradle.internal.Cast                                                        : loaded 3 times (x 67B)
Class org.gradle.api.Action                                                           : loaded 3 times (x 66B)
Class com.google.common.collect.ImmutableList$1                                       : loaded 3 times (x 93B)
Class com.google.common.collect.ImmutableSet                                          : loaded 3 times (x 141B)
Class com.google.common.collect.RegularImmutableMap$Values                            : loaded 3 times (x 203B)
Class com.google.common.collect.ImmutableRangeSet$Builder                             : loaded 3 times (x 73B)
Class Build_gradle$1                                                                  : loaded 3 times (x 70B)
Class com.google.common.collect.RegularImmutableList                                  : loaded 3 times (x 209B)
Class com.google.common.collect.ImmutableMapEntry$NonTerminalImmutableMapEntry        : loaded 3 times (x 81B)
Class com.google.common.base.Function                                                 : loaded 3 times (x 66B)
Class com.google.common.collect.RegularImmutableMap                                   : loaded 3 times (x 117B)
Class com.google.common.collect.ImmutableMap$MapViewOfValuesAsSingletonSets           : loaded 3 times (x 122B)
Class com.google.common.collect.ImmutableMapEntry                                     : loaded 3 times (x 81B)
Class com.google.common.collect.RegularImmutableSortedSet                             : loaded 3 times (x 296B)
Class com.google.common.collect.RegularImmutableSet                                   : loaded 3 times (x 145B)
Class com.google.common.collect.ImmutableSortedSet                                    : loaded 3 times (x 296B)
Class com.google.common.collect.ImmutableAsList                                       : loaded 3 times (x 205B)
Class com.google.common.collect.Iterators$9                                           : loaded 3 times (x 77B)
Class com.google.common.collect.ImmutableSet$CachingAsList                            : loaded 3 times (x 144B)
Class com.google.common.collect.Lists                                                 : loaded 3 times (x 67B)
Class com.google.common.collect.UnmodifiableListIterator                              : loaded 3 times (x 91B)
Class com.google.common.collect.ImmutableCollection                                   : loaded 3 times (x 121B)
Class com.google.common.collect.Iterators$5                                           : loaded 3 times (x 78B)
Class com.google.common.collect.ImmutableBiMap                                        : loaded 3 times (x 139B)
Class com.google.common.collect.Iterators$4                                           : loaded 3 times (x 78B)
Class com.google.common.collect.SortedIterable                                        : loaded 3 times (x 66B)
Class com.google.common.collect.ImmutableMap$IteratorBasedImmutableMap                : loaded 3 times (x 122B)
Class com.google.common.collect.SingletonImmutableSet                                 : loaded 3 times (x 142B)
Class com.google.common.collect.Iterators$1                                           : loaded 3 times (x 77B)
Class com.google.common.collect.ImmutableList$ReverseImmutableList                    : loaded 3 times (x 205B)
Class org.gradle.api.UncheckedIOException                                             : loaded 3 times (x 78B)
Class com.google.common.collect.SingletonImmutableList                                : loaded 3 times (x 203B)
Class com.google.common.collect.Iterables                                             : loaded 3 times (x 67B)
Class com.google.common.collect.ImmutableMapEntrySet                                  : loaded 3 times (x 148B)
Class com.google.common.collect.AbstractIndexedListIterator                           : loaded 3 times (x 92B)
Class com.google.common.collect.ObjectArrays                                          : loaded 3 times (x 67B)
Class com.google.common.collect.AbstractIterator                                      : loaded 3 times (x 78B)
Class com.google.common.collect.BiMap                                                 : loaded 3 times (x 66B)
Class com.google.common.collect.ImmutableMap$1                                        : loaded 3 times (x 77B)
Class com.google.common.collect.IndexedImmutableSet                                   : loaded 3 times (x 148B)
Class com.google.common.collect.Lists$StringAsImmutableList                           : loaded 3 times (x 203B)
Class com.google.common.collect.Iterators                                             : loaded 3 times (x 67B)
Class com.google.common.collect.Range                                                 : loaded 3 times (x 83B)
Class com.google.common.collect.RegularImmutableAsList                                : loaded 3 times (x 213B)
Class com.google.common.collect.ImmutableRangeSet                                     : loaded 3 times (x 111B)
Class com.google.common.collect.ImmutableRangeSet$1                                   : loaded 3 times (x 206B)
Class com.google.common.collect.ImmutableList$Builder                                 : loaded 3 times (x 73B)
Class com.google.common.collect.AbstractMapEntry                                      : loaded 3 times (x 77B)
Class com.google.common.collect.UnmodifiableIterator                                  : loaded 3 times (x 76B)
Class com.google.common.base.Joiner                                                   : loaded 3 times (x 75B)
Class com.google.common.collect.ImmutableCollection$Builder                           : loaded 3 times (x 72B)
Class com.google.common.collect.Iterators$ArrayItr                                    : loaded 3 times (x 93B)
Class com.google.common.collect.ImmutableRangeSet$AsSet                               : loaded 3 times (x 296B)
Class com.google.common.collect.ComparatorOrdering                                    : loaded 2 times (x 111B)
Class org.gradle.api.internal.DefaultClassPathProvider                                : loaded 2 times (x 72B)
Class com.android.builder.model.v2.models.BasicAndroidProject                         : loaded 2 times (x 66B)
Class com.google.common.collect.Sets$2                                                : loaded 2 times (x 135B)
Class kotlin.text.StringsKt__StringNumberConversionsJVMKt                             : loaded 2 times (x 67B)
Class com.google.common.collect.NaturalOrdering                                       : loaded 2 times (x 111B)
Class kotlin.text.MatchResult                                                         : loaded 2 times (x 66B)
Class kotlin.sequences.SequenceScope                                                  : loaded 2 times (x 69B)
Class kotlin.sequences.Sequence                                                       : loaded 2 times (x 66B)
Class org.gradle.tooling.ToolingModelContract                                         : loaded 2 times (x 66B)
Class [Lorg.gradle.api.internal.ClassPathProvider;                                    : loaded 2 times (x 65B)
Class org.gradle.api.internal.ClassPathProvider                                       : loaded 2 times (x 66B)
Class [Lorg.objectweb.asm.AnnotationVisitor;                                          : loaded 2 times (x 65B)
Class com.google.common.collect.Sets$3                                                : loaded 2 times (x 135B)
Class com.google.common.util.concurrent.AbstractFuture$SafeAtomicHelper               : loaded 2 times (x 75B)
Class com.google.common.cache.LocalCache$LocalLoadingCache                            : loaded 2 times (x 130B)
Class jdk.internal.jrtfs.SystemImage                                                  : loaded 2 times (x 70B)
Class org.gradle.internal.impldep.gnu.trove.TObjectHash$NULL                          : loaded 2 times (x 67B)
Class kotlin.collections.CollectionsKt___CollectionsKt$asSequence$$inlined$Sequence$1 : loaded 2 times (x 71B)
Class org.gradle.internal.service.UnknownServiceException                             : loaded 2 times (x 79B)
Class com.google.common.io.ByteArrayDataInput                                         : loaded 2 times (x 66B)
Class com.google.common.collect.Sets$4                                                : loaded 2 times (x 135B)
Class org.objectweb.asm.ModuleVisitor                                                 : loaded 2 times (x 77B)
Class com.google.common.cache.LocalCache$Strength$1                                   : loaded 2 times (x 77B)
Class org.jetbrains.kotlin.idea.gradleTooling.model.kapt.KaptGradleModel              : loaded 2 times (x 66B)
Class org.jetbrains.kotlin.idea.gradleTooling.KotlinDslScriptAdditionalTask           : loaded 2 times (x 66B)
Class org.jetbrains.plugins.gradle.model.ClasspathEntryModel                          : loaded 2 times (x 66B)
Class com.google.common.util.concurrent.SettableFuture                                : loaded 2 times (x 110B)
Class com.google.common.cache.LocalCache$Strength$2                                   : loaded 2 times (x 77B)
Class org.jetbrains.plugins.gradle.tooling.serialization.GradleExtensionsSerializationService: loaded 2 times (x 73B)
Class org.gradle.api.JavaVersion                                                      : loaded 2 times (x 75B)
Class org.gradle.tooling.model.Dependency                                             : loaded 2 times (x 66B)
Class com.google.common.io.ByteStreams                                                : loaded 2 times (x 67B)
Class com.android.builder.model.v2.ide.AbstractArtifact                               : loaded 2 times (x 66B)
Class com.google.common.cache.LocalCache$Strength$3                                   : loaded 2 times (x 77B)
Class com.google.common.collect.MapDifference                                         : loaded 2 times (x 66B)
Class com.intellij.openapi.externalSystem.model.project.dependencies.ResolutionState  : loaded 2 times (x 75B)
Class kotlin.text.StringsKt__RegexExtensionsJVMKt                                     : loaded 2 times (x 67B)
Class com.google.common.collect.AllEqualOrdering                                      : loaded 2 times (x 110B)
Class kotlin.collections.ArraysKt___ArraysJvmKt                                       : loaded 2 times (x 67B)
Class kotlin.collections.CollectionsKt__CollectionsKt                                 : loaded 2 times (x 67B)
Class org.objectweb.asm.FieldWriter                                                   : loaded 2 times (x 74B)
Class com.google.common.cache.CacheBuilder$NullListener                               : loaded 2 times (x 78B)
Class kotlin.text.Regex$Companion                                                     : loaded 2 times (x 67B)
Class org.gradle.internal.classpath.TransformedClassPath                              : loaded 2 times (x 92B)
Class org.gradle.internal.classloader.InstrumentingClassLoader                        : loaded 2 times (x 66B)
Class org.gradle.internal.impldep.gnu.trove.TObjectIntHashMap                         : loaded 2 times (x 105B)
Class com.google.common.cache.CacheLoader$FunctionToCacheLoader                       : loaded 2 times (x 71B)
Class com.intellij.gradle.toolingExtension.impl.model.buildScriptClasspathModel.GradleBuildScriptClasspathSerializationService$ReadContext: loaded 2 times (x 68B)
Class org.objectweb.asm.AnnotationVisitor                                             : loaded 2 times (x 74B)
Class jdk.internal.jrtfs.SystemImage$1                                                : loaded 2 times (x 74B)
Class kotlin.jvm.internal.FunctionReference                                           : loaded 2 times (x 118B)
Class [Lkotlin.coroutines.intrinsics.CoroutineSingletons;                             : loaded 2 times (x 65B)
Class kotlin.jvm.internal.FunctionBase                                                : loaded 2 times (x 66B)
Class kotlin.enums.EnumEntriesList                                                    : loaded 2 times (x 219B)
Class com.google.common.collect.Sets$1                                                : loaded 2 times (x 135B)
Class com.google.common.base.MoreObjects                                              : loaded 2 times (x 67B)
Class jdk.internal.jrtfs.SystemImage$2                                                : loaded 2 times (x 72B)
Class kotlin.comparisons.ComparisonsKt___ComparisonsJvmKt                             : loaded 2 times (x 67B)
Class kotlin.collections.CollectionsKt__IteratorsJVMKt                                : loaded 2 times (x 67B)
Class com.android.builder.model.v2.ide.TestInfo$Execution                             : loaded 2 times (x 75B)
Class com.google.common.collect.Platform                                              : loaded 2 times (x 67B)
Class [Lorg.objectweb.asm.Type;                                                       : loaded 2 times (x 65B)
Class org.gradle.tooling.internal.gradle.DefaultProjectIdentifier                     : loaded 2 times (x 82B)
Class org.jetbrains.kotlin.idea.gradleTooling.KotlinSourceSetContainer                : loaded 2 times (x 66B)
Class org.jetbrains.plugins.gradle.model.IntelliJSettings                             : loaded 2 times (x 66B)
Class kotlin.Result                                                                   : loaded 2 times (x 68B)
Class org.gradle.internal.service.ServiceLocator                                      : loaded 2 times (x 66B)
Class com.google.common.base.Ascii                                                    : loaded 2 times (x 67B)
Class com.google.common.collect.SingletonImmutableBiMap                               : loaded 2 times (x 139B)
Class com.google.common.cache.LocalCache$1                                            : loaded 2 times (x 85B)
Class com.google.common.collect.Iterators$SingletonIterator                           : loaded 2 times (x 77B)
Class kotlin.text.StringsKt__AppendableKt                                             : loaded 2 times (x 67B)
Class jdk.internal.jrtfs.JrtFileSystemProvider                                        : loaded 2 times (x 97B)
Class com.intellij.gradle.toolingExtension.util.GradleVersionUtil                     : loaded 2 times (x 67B)
Class com.android.ide.gradle.model.GradlePropertiesModel                              : loaded 2 times (x 66B)
Class kotlin.sequences.TransformingSequence$iterator$1                                : loaded 2 times (x 75B)
Class kotlin.Pair                                                                     : loaded 2 times (x 68B)
Class org.gradle.tooling.internal.adapter.ProtocolToModelAdapter$SupportedPropertyInvoker: loaded 2 times (x 72B)
Class org.gradle.tooling.model.UnsupportedMethodException                             : loaded 2 times (x 78B)
Class com.android.builder.model.v2.ide.BytecodeTransformation                         : loaded 2 times (x 75B)
Class com.google.common.collect.Sets$ImprovedAbstractSet                              : loaded 2 times (x 131B)
Class com.google.common.collect.ImmutableEnumMap                                      : loaded 2 times (x 122B)
Class com.google.common.collect.AbstractMultimap                                      : loaded 2 times (x 119B)
Class com.google.common.cache.LocalCache$2                                            : loaded 2 times (x 138B)
Class kotlin.collections.CollectionsKt__MutableCollectionsKt                          : loaded 2 times (x 67B)
Class com.android.builder.model.v2.ide.CodeShrinker                                   : loaded 2 times (x 75B)
Class com.google.common.collect.ListMultimap                                          : loaded 2 times (x 66B)
Class com.google.common.util.concurrent.AbstractFuture$UnsafeAtomicHelper$1           : loaded 2 times (x 72B)
Class com.android.builder.model.v2.models.AndroidDsl                                  : loaded 2 times (x 66B)
Class org.jetbrains.plugins.gradle.tooling.serialization.AnnotationProcessingModelSerializationService$WriteContext: loaded 2 times (x 68B)
Class org.gradle.internal.impldep.gnu.trove.THash                                     : loaded 2 times (x 77B)
Class kotlin.io.TerminateException                                                    : loaded 2 times (x 78B)
Class kotlin.io.FilesKt__FilePathComponentsKt                                         : loaded 2 times (x 67B)
Class kotlin.reflect.KCallable                                                        : loaded 2 times (x 66B)
Class org.gradle.api.internal.classpath.EffectiveClassPath                            : loaded 2 times (x 86B)
Class com.google.common.util.concurrent.AbstractFuture$Trusted                        : loaded 2 times (x 66B)
Class kotlin.sequences.SequencesKt___SequencesKt$flatMap$2                            : loaded 2 times (x 121B)
Class org.jetbrains.plugins.gradle.tooling.serialization.ProjectDependenciesSerializationService$WriteContext: loaded 2 times (x 68B)
Class org.jetbrains.plugins.gradle.tooling.serialization.ProjectDependenciesSerializationService: loaded 2 times (x 73B)
Class com.intellij.compose.ide.plugin.gradleTooling.rt.ComposeResourcesModel          : loaded 2 times (x 66B)
Class kotlin.text.CharsKt                                                             : loaded 2 times (x 67B)
Class org.gradle.tooling.model.kotlin.dsl.KotlinDslScriptModel                        : loaded 2 times (x 66B)
Class org.gradle.tooling.internal.adapter.CollectionMapper                            : loaded 2 times (x 69B)
Class com.google.common.io.ByteSink$AsCharSink                                        : loaded 2 times (x 76B)
Class com.google.common.collect.Ordering                                              : loaded 2 times (x 110B)
Class com.google.common.util.concurrent.UncheckedExecutionException                   : loaded 2 times (x 78B)
Class org.gradle.kotlin.dsl.VersionCatalogAccessorsKt                                 : loaded 2 times (x 67B)
Class jdk.internal.jimage.ImageLocation                                               : loaded 2 times (x 86B)
Class jdk.internal.jrtfs.JrtDirectoryStream$1                                         : loaded 2 times (x 79B)
Class org.gradle.internal.impldep.gnu.trove.Equality                                  : loaded 2 times (x 66B)
Class com.google.common.collect.ExplicitOrdering                                      : loaded 2 times (x 111B)
Class com.intellij.gradle.toolingExtension.impl.model.buildScriptClasspathModel.GradleBuildScriptClasspathSerializationService$WriteContext: loaded 2 times (x 68B)
Class org.gradle.tooling.internal.adapter.ProtocolToModelAdapter                      : loaded 2 times (x 76B)
Class org.gradle.internal.InternalTransformer                                         : loaded 2 times (x 66B)
Class com.android.builder.model.v2.ide.AndroidGradlePluginProjectFlags$BooleanFlag    : loaded 2 times (x 75B)
Class com.google.common.collect.AbstractMapBasedMultimap$KeySet$1                     : loaded 2 times (x 78B)
Class org.objectweb.asm.ClassWriter                                                   : loaded 2 times (x 102B)
Class com.google.common.cache.CacheLoader$UnsupportedLoadingOperationException        : loaded 2 times (x 78B)
Class com.google.common.base.CharMatcher$And                                          : loaded 2 times (x 108B)
Class jdk.internal.jimage.ImageBufferCache$1                                          : loaded 2 times (x 79B)
Class org.gradle.internal.impldep.gnu.trove.TObjectCanonicalHashingStrategy           : loaded 2 times (x 76B)
Class kotlin.collections.MapsKt__MapsJVMKt                                            : loaded 2 times (x 67B)
Class kotlin.collections.EmptyList                                                    : loaded 2 times (x 170B)
Class org.gradle.internal.time.DefaultTimer                                           : loaded 2 times (x 76B)
Class org.gradle.internal.classloader.ClasspathUtil$1                                 : loaded 2 times (x 72B)
Class org.objectweb.asm.FieldVisitor                                                  : loaded 2 times (x 73B)
Class org.jetbrains.plugins.gradle.tooling.serialization.internal.IdeaProjectSerializationService: loaded 2 times (x 73B)
Class [Lcom.android.ide.common.repository.AgpVersion$PreviewKind;                     : loaded 2 times (x 65B)
Class [Lcom.google.common.collect.ImmutableMapEntry;                                  : loaded 2 times (x 65B)
Class jdk.internal.jimage.ImageBufferCache$2                                          : loaded 2 times (x 87B)
Class org.gradle.tooling.internal.adapter.ProtocolToModelAdapter$ViewKey              : loaded 2 times (x 68B)
Class org.gradle.api.internal.classpath.DefaultModuleRegistry$DefaultModule           : loaded 2 times (x 82B)
Class com.android.builder.model.v2.CustomSourceDirectory                              : loaded 2 times (x 66B)
Class com.google.common.primitives.Ints                                               : loaded 2 times (x 67B)
Class com.android.ide.common.repository.AgpVersion                                    : loaded 2 times (x 71B)
Class org.gradle.internal.classloader.ClassLoaderVisitor                              : loaded 2 times (x 72B)
Class com.google.common.collect.NullsFirstOrdering                                    : loaded 2 times (x 111B)
Class kotlin.ResultKt                                                                 : loaded 2 times (x 67B)
Class org.gradle.tooling.internal.adapter.ProtocolToModelAdapter$PropertyCachingMethodInvoker: loaded 2 times (x 72B)
Class com.android.builder.model.v2.models.ProjectSyncIssues                           : loaded 2 times (x 66B)
Class kotlin.collections.AbstractList$Companion                                       : loaded 2 times (x 67B)
Class com.google.common.collect.Multiset                                              : loaded 2 times (x 66B)
Class com.google.common.collect.ArrayListMultimapGwtSerializationDependencies         : loaded 2 times (x 168B)
Class kotlin.sequences.SequencesKt___SequencesKt                                      : loaded 2 times (x 67B)
Class com.google.common.math.MathPreconditions                                        : loaded 2 times (x 67B)
Class com.intellij.openapi.externalSystem.model.ExternalSystemException               : loaded 2 times (x 82B)
Class org.jetbrains.plugins.gradle.model.ExternalTask                                 : loaded 2 times (x 66B)
Class kotlin.Result$Failure                                                           : loaded 2 times (x 68B)
Class kotlin.collections.ArraysKt__ArraysKt                                           : loaded 2 times (x 67B)
Class org.gradle.internal.time.DefaultCountdownTimer                                  : loaded 2 times (x 84B)
Class kotlin.text.MatcherMatchResult$groupValues$1                                    : loaded 2 times (x 194B)
Class org.jetbrains.plugins.gradle.tooling.util.ObjectCollector                       : loaded 2 times (x 68B)
Class org.jetbrains.plugins.gradle.model.GradleTaskModel                              : loaded 2 times (x 66B)
Class kotlin.collections.SetsKt__SetsJVMKt                                            : loaded 2 times (x 67B)
Class org.gradle.tooling.internal.adapter.ProtocolToModelAdapter$AdaptingMethodInvoker: loaded 2 times (x 72B)
Class org.gradle.tooling.internal.gradle.DefaultBuildIdentifier                       : loaded 2 times (x 75B)
Class kotlin.Function                                                                 : loaded 2 times (x 66B)
Class org.gradle.api.internal.classpath.Module                                        : loaded 2 times (x 66B)
Class com.google.common.cache.Weigher                                                 : loaded 2 times (x 66B)
Class com.intellij.openapi.externalSystem.model.project.IExternalSystemSourceType     : loaded 2 times (x 66B)
Class kotlin.io.FileAlreadyExistsException                                            : loaded 2 times (x 78B)
Class kotlin.internal.ProgressionUtilKt                                               : loaded 2 times (x 67B)
Class org.gradle.api.internal.classpath.UnknownModuleException                        : loaded 2 times (x 78B)
Class com.google.common.base.Stopwatch                                                : loaded 2 times (x 68B)
Class com.google.common.cache.LocalCache$Strength                                     : loaded 2 times (x 77B)
Class com.google.common.cache.Cache                                                   : loaded 2 times (x 66B)
Class com.google.gson.stream.JsonReader$1                                             : loaded 2 times (x 68B)
Class jdk.internal.jimage.ImageHeader                                                 : loaded 2 times (x 67B)
Class org.jetbrains.plugins.gradle.tooling.serialization.ProjectDependenciesSerializationService$ReadContext: loaded 2 times (x 68B)
Class org.gradle.internal.impldep.gnu.trove.TObjectIdentityHashingStrategy            : loaded 2 times (x 74B)
Class com.intellij.openapi.externalSystem.model.project.dependencies.ProjectDependencies: loaded 2 times (x 66B)
Class com.google.common.io.Files$2                                                    : loaded 2 times (x 72B)
Class com.google.common.util.concurrent.AbstractFuture$Cancellation                   : loaded 2 times (x 68B)
Class com.google.common.collect.ImmutableMap$Builder                                  : loaded 2 times (x 78B)
Class com.google.common.cache.RemovalListener                                         : loaded 2 times (x 66B)
Class org.jetbrains.plugins.gradle.tooling.serialization.RepositoriesModelSerializationService: loaded 2 times (x 78B)
Class com.android.ide.gradle.model.artifacts.AdditionalClassifierArtifactsModel       : loaded 2 times (x 66B)
Class org.gradle.tooling.internal.gradle.GradleProjectIdentity                        : loaded 2 times (x 66B)
Class org.gradle.api.internal.DefaultClassPathRegistry                                : loaded 2 times (x 72B)
Class com.android.builder.model.v2.ide.JavaArtifact                                   : loaded 2 times (x 66B)
Class com.google.common.primitives.IntsMethodsForWeb                                  : loaded 2 times (x 67B)
Class com.google.common.collect.Multimap                                              : loaded 2 times (x 66B)
Class org.jetbrains.plugins.gradle.tooling.serialization.RepositoriesModelSerializationService$ReadContext: loaded 2 times (x 68B)
Class kotlin.ranges.ClosedRange                                                       : loaded 2 times (x 66B)
Class org.gradle.api.internal.ClassPathRegistry                                       : loaded 2 times (x 66B)
Class org.gradle.internal.classpath.DefaultClassPath$ImmutableUniqueList              : loaded 2 times (x 195B)
Class jdk.internal.jimage.decompressor.ResourceDecompressor                           : loaded 2 times (x 66B)
Class org.jetbrains.plugins.gradle.tooling.serialization.internal.adapter.InternalBuildIdentifier: loaded 2 times (x 71B)
Class com.intellij.gradle.toolingExtension.impl.model.projectModel.GradleExternalProjectSerializationService$WriteContext: loaded 2 times (x 69B)
Class kotlin.text.StringsKt__StringsJVMKt                                             : loaded 2 times (x 67B)
Class kotlin.collections.IntIterator                                                  : loaded 2 times (x 78B)
Class com.google.common.collect.NullnessCasts                                         : loaded 2 times (x 67B)
Class com.google.common.collect.ReverseNaturalOrdering                                : loaded 2 times (x 110B)
Class com.google.common.io.ByteSink                                                   : loaded 2 times (x 72B)
Class com.android.builder.model.v2.dsl.SigningConfig                                  : loaded 2 times (x 66B)
Class com.android.builder.model.v2.models.AndroidProject                              : loaded 2 times (x 66B)
Class com.android.builder.model.v2.AndroidModel                                       : loaded 2 times (x 66B)
Class com.google.common.cache.CacheBuilder                                            : loaded 2 times (x 68B)
Class org.gradle.internal.classloader.DefaultClassLoaderFactory                       : loaded 2 times (x 78B)
Class Settings_gradle$1                                                               : loaded 2 times (x 70B)
Class kotlin.text.StringsKt__IndentKt                                                 : loaded 2 times (x 67B)
Class kotlin.collections.SetsKt                                                       : loaded 2 times (x 67B)
Class com.intellij.util.containers.IntObjectHashMap$ArrayProducer                     : loaded 2 times (x 66B)
Class org.gradle.internal.classpath.ClassPath                                         : loaded 2 times (x 66B)
Class com.google.common.io.Files$FileByteSource                                       : loaded 2 times (x 81B)
Class com.google.common.base.JdkPattern                                               : loaded 2 times (x 71B)
Class org.jetbrains.kotlin.idea.gradleTooling.AndroidAwareGradleModelProvider$Companion: loaded 2 times (x 67B)
Class org.jetbrains.plugins.gradle.tooling.serialization.KotlinDslScriptsModelSerializationService: loaded 2 times (x 77B)
Class kotlin.reflect.KFunction                                                        : loaded 2 times (x 66B)
Class kotlin.collections.ArrayDeque                                                   : loaded 2 times (x 203B)
Class org.jetbrains.kotlin.cli.common.arguments.Freezable                             : loaded 2 times (x 68B)
Class org.objectweb.asm.SymbolTable$Entry                                             : loaded 2 times (x 70B)
Class com.google.common.util.concurrent.AbstractFuture$AtomicHelper                   : loaded 2 times (x 74B)
Class com.google.gson.internal.JsonReaderInternalAccess                               : loaded 2 times (x 68B)
Class org.jetbrains.plugins.gradle.tooling.serialization.ExternalTestsSerializationService$WriteContext: loaded 2 times (x 68B)
Class org.jetbrains.kotlin.idea.gradleTooling.KotlinGradleModel                       : loaded 2 times (x 66B)
Class kotlin.collections.MapsKt__MapsKt                                               : loaded 2 times (x 67B)
Class com.android.builder.model.v2.ide.Variant                                        : loaded 2 times (x 66B)
Class org.objectweb.asm.Edge                                                          : loaded 2 times (x 68B)
Class com.google.common.base.Suppliers$SupplierOfInstance                             : loaded 2 times (x 75B)
Class com.google.common.base.Suppliers                                                : loaded 2 times (x 67B)
Class jdk.internal.jimage.ImageStringsReader                                          : loaded 2 times (x 76B)
Class org.gradle.tooling.model.Model                                                  : loaded 2 times (x 66B)
Class com.google.common.cache.LocalCache$ComputingValueReference                      : loaded 2 times (x 92B)
Class [Lcom.google.common.cache.CacheBuilder$OneWeigher;                              : loaded 2 times (x 65B)
Class org.objectweb.asm.MethodTooLargeException                                       : loaded 2 times (x 79B)
Class com.android.ide.gradle.model.composites.BuildMap                                : loaded 2 times (x 66B)
Class kotlin.text.MatchResult$Destructured                                            : loaded 2 times (x 68B)
Class kotlin.Metadata                                                                 : loaded 2 times (x 66B)
Class kotlin.UninitializedPropertyAccessException                                     : loaded 2 times (x 78B)
Class com.android.builder.model.v2.models.Versions                                    : loaded 2 times (x 66B)
Class com.google.common.cache.LocalCache$Segment                                      : loaded 2 times (x 150B)
Class jdk.internal.jimage.ImageReader                                                 : loaded 2 times (x 71B)
Class org.jetbrains.plugins.gradle.model.IntelliJProjectSettings                      : loaded 2 times (x 66B)
Class org.gradle.tooling.internal.adapter.ProtocolToModelAdapter$MethodInvocationCache: loaded 2 times (x 69B)
Class com.google.common.base.Platform$JdkPatternCompiler                              : loaded 2 times (x 71B)
Class com.android.builder.model.v2.models.ndk.NativeModule                            : loaded 2 times (x 66B)
Class com.google.common.collect.AbstractListMultimap                                  : loaded 2 times (x 168B)
Class [Lorg.objectweb.asm.SymbolTable$Entry;                                          : loaded 2 times (x 65B)
Class com.google.common.cache.CacheLoader                                             : loaded 2 times (x 70B)
Class org.gradle.internal.operations.MultipleBuildOperationFailures                   : loaded 2 times (x 91B)
Class org.gradle.tooling.internal.adapter.MethodInvocation                            : loaded 2 times (x 81B)
Class jdk.internal.jimage.ImageReader$SharedImageReader                               : loaded 2 times (x 91B)
Class org.jetbrains.plugins.gradle.model.ExternalDependency                           : loaded 2 times (x 66B)
Class com.intellij.util.containers.IntObjectHashMap                                   : loaded 2 times (x 68B)
Class org.gradle.internal.installation.GradleInstallation$1                           : loaded 2 times (x 71B)
Class org.gradle.api.internal.classpath.ModuleRegistry                                : loaded 2 times (x 66B)
Class com.android.builder.model.v2.ide.PrivacySandboxSdkInfo                          : loaded 2 times (x 66B)
Class com.google.common.util.concurrent.internal.InternalFutureFailureAccess          : loaded 2 times (x 68B)
Class com.android.ide.common.repository.AgpVersion$PreviewKind$Companion              : loaded 2 times (x 67B)
Class kotlin.sequences.TransformingSequence                                           : loaded 2 times (x 71B)
Class com.google.common.collect.ImmutableSet$JdkBackedSetBuilderImpl                  : loaded 2 times (x 72B)
Class jdk.internal.jimage.decompressor.ResourceDecompressorFactory                    : loaded 2 times (x 70B)
Class com.intellij.gradle.toolingExtension.impl.model.sourceSetDependencyModel.GradleSourceSetDependencySerialisationService$SourceSetDependencyModelReadContext: loaded 2 times (x 68B)
Class com.intellij.gradle.toolingExtension.impl.model.dependencyModel.DependencyReadContext: loaded 2 times (x 68B)
Class org.jetbrains.plugins.gradle.model.VersionCatalogsModel                         : loaded 2 times (x 66B)
Class org.gradle.tooling.internal.adapter.ObjectGraphAdapter                          : loaded 2 times (x 66B)
Class com.android.builder.model.v2.ide.Installation                                   : loaded 2 times (x 66B)
Class com.google.common.util.concurrent.AbstractFuture$UnsafeAtomicHelper             : loaded 2 times (x 74B)
Class com.google.common.cache.LocalCache$LocalManualCache$1                           : loaded 2 times (x 71B)
Class com.google.common.base.CharMatcher$ForPredicate                                 : loaded 2 times (x 108B)
Class org.jetbrains.plugins.gradle.model.ProjectImportModelProvider                   : loaded 2 times (x 66B)
Class org.jetbrains.plugins.gradle.model.ExternalSourceSet                            : loaded 2 times (x 66B)
Class com.intellij.gradle.toolingExtension.impl.model.warmUp.GradleTaskWarmUpRequest  : loaded 2 times (x 66B)
Class com.google.common.collect.ImmutableSortedAsList                                 : loaded 2 times (x 217B)
Class kotlin.text.RegexKt                                                             : loaded 2 times (x 67B)
Class kotlin.coroutines.intrinsics.IntrinsicsKt__IntrinsicsKt                         : loaded 2 times (x 67B)
Class com.android.builder.model.v2.models.ModelBuilderParameter                       : loaded 2 times (x 66B)
Class com.google.common.base.CharMatcher$AnyOf                                        : loaded 2 times (x 108B)
Class jdk.internal.jimage.decompressor.StringSharingDecompressorFactory               : loaded 2 times (x 70B)
Class jdk.internal.jimage.ImageReader$Node                                            : loaded 2 times (x 80B)
Class com.intellij.gradle.toolingExtension.impl.model.sourceSetArtifactIndex.GradleSourceSetArtifactBuildRequest: loaded 2 times (x 66B)
Class kotlin.io.FilesKt__UtilsKt                                                      : loaded 2 times (x 67B)
Class com.google.common.collect.Lists$TransformingRandomAccessList                    : loaded 2 times (x 195B)
Class kotlin.collections.CollectionsKt__CollectionsJVMKt                              : loaded 2 times (x 67B)
Class org.gradle.api.internal.classpath.DefaultModuleRegistry                         : loaded 2 times (x 82B)
Class org.objectweb.asm.ClassVisitor                                                  : loaded 2 times (x 84B)
Class com.google.common.util.concurrent.ListenableFuture                              : loaded 2 times (x 66B)
Class com.google.common.cache.ReferenceEntry                                          : loaded 2 times (x 66B)
Class com.google.common.base.Converter                                                : loaded 2 times (x 86B)
Class [Lorg.objectweb.asm.Symbol;                                                     : loaded 2 times (x 65B)
Class jdk.internal.jimage.BasicImageReader$1                                          : loaded 2 times (x 73B)
Class org.jetbrains.plugins.gradle.tooling.serialization.internal.IdeaProjectSerializationService$WriteContext$1: loaded 2 times (x 79B)
Class org.jetbrains.plugins.gradle.model.ExternalProject                              : loaded 2 times (x 66B)
Class kotlin.sequences.SequencesKt                                                    : loaded 2 times (x 67B)
Class kotlin.collections.CollectionsKt__IteratorsKt                                   : loaded 2 times (x 67B)
Class [Lcom.android.builder.model.v2.ide.CodeShrinker;                                : loaded 2 times (x 65B)
Class com.google.common.collect.AbstractMapBasedMultimap                              : loaded 2 times (x 135B)
Class com.google.common.util.concurrent.AbstractFuture                                : loaded 2 times (x 102B)
Class com.google.common.base.FunctionalEquivalence                                    : loaded 2 times (x 79B)
Class com.android.utils.FileUtils                                                     : loaded 2 times (x 67B)
Class com.android.builder.model.v2.ide.AaptOptions$Namespacing                        : loaded 2 times (x 75B)
Class org.jetbrains.plugins.gradle.tooling.serialization.internal.IdeaProjectSerializationService$WriteContext$2: loaded 2 times (x 79B)
Class kotlin.text.StringsKt                                                           : loaded 2 times (x 67B)
Class org.objectweb.asm.RecordComponentVisitor                                        : loaded 2 times (x 73B)
Class com.google.common.cache.CacheLoader$SupplierToCacheLoader                       : loaded 2 times (x 71B)
Class org.jetbrains.plugins.gradle.tooling.serialization.AnnotationProcessingModelSerializationService$ReadContext: loaded 2 times (x 68B)
Class org.jetbrains.plugins.gradle.tooling.serialization.internal.IdeaProjectSerializationService$WriteContext$3: loaded 2 times (x 79B)
Class kotlin.coroutines.jvm.internal.RestrictedContinuationImpl                       : loaded 2 times (x 83B)
Class org.gradle.util.internal.DefaultGradleVersion$Stage                             : loaded 2 times (x 71B)
Class com.google.common.collect.Maps$EntryTransformer                                 : loaded 2 times (x 66B)
Class jdk.internal.jimage.decompressor.Decompressor                                   : loaded 2 times (x 68B)
Class jdk.internal.jimage.ImageReader$Resource                                        : loaded 2 times (x 80B)
Class org.jetbrains.kotlin.idea.gradleTooling.AndroidAwareGradleModelProvider         : loaded 2 times (x 75B)
Class org.jetbrains.plugins.gradle.tooling.serialization.internal.IdeaProjectSerializationService$WriteContext$4: loaded 2 times (x 79B)
Class com.intellij.gradle.toolingExtension.impl.model.sourceSetDependencyModel.GradleSourceSetDependencySerialisationService$Companion: loaded 2 times (x 67B)
Class [Lkotlin.Pair;                                                                  : loaded 2 times (x 65B)
Class kotlin.text.StringsKt__StringNumberConversionsKt                                : loaded 2 times (x 67B)
Class kotlin.io.FilesKt__FileReadWriteKt                                              : loaded 2 times (x 67B)
Class com.google.common.collect.UsingToStringOrdering                                 : loaded 2 times (x 110B)
Class kotlin.text.MatchNamedGroupCollection                                           : loaded 2 times (x 66B)
Class kotlin.jvm.internal.markers.KMutableList                                        : loaded 2 times (x 66B)
Class org.gradle.internal.time.MonotonicClock                                         : loaded 2 times (x 73B)
Class org.gradle.internal.service.ServiceLookupException                              : loaded 2 times (x 78B)
Class com.google.common.collect.Lists$ReverseList                                     : loaded 2 times (x 196B)
Class org.gradle.tooling.internal.adapter.TargetTypeProvider                          : loaded 2 times (x 66B)
Class kotlin.ranges.IntProgression$Companion                                          : loaded 2 times (x 67B)
Class jdk.internal.jrtfs.JrtFileAttributes                                            : loaded 2 times (x 79B)
Class org.jetbrains.plugins.gradle.tooling.serialization.internal.IdeaProjectSerializationService$WriteContext$5: loaded 2 times (x 79B)
Class com.intellij.gradle.toolingExtension.impl.model.sourceSetDependencyModel.GradleSourceSetDependencySerialisationService$SourceSetDependencyModelWriteContext: loaded 2 times (x 68B)
Class kotlin.sequences.SequencesKt___SequencesKt$sortedWith$1                         : loaded 2 times (x 71B)
Class org.gradle.internal.classloader.ClassLoaderFactory                              : loaded 2 times (x 66B)
Class com.google.common.base.CommonPattern                                            : loaded 2 times (x 70B)
Class com.google.common.cache.LocalCache$LocalManualCache                             : loaded 2 times (x 95B)
Class com.google.common.base.CharMatcher$IsNot                                        : loaded 2 times (x 107B)
Class org.jetbrains.plugins.gradle.tooling.serialization.internal.IdeaProjectSerializationService$WriteContext$6: loaded 2 times (x 79B)
Class org.jetbrains.plugins.gradle.tooling.util.IntObjectMap                          : loaded 2 times (x 69B)
Class org.gradle.internal.service.CachingServiceLocator                               : loaded 2 times (x 78B)
Class com.google.common.collect.AbstractMapBasedMultimap$KeySet                       : loaded 2 times (x 133B)
Class org.jetbrains.plugins.gradle.model.AnnotationProcessingModel                    : loaded 2 times (x 66B)
Class com.google.common.math.IntMath                                                  : loaded 2 times (x 67B)
Class org.jetbrains.plugins.gradle.tooling.serialization.internal.IdeaProjectSerializationService$WriteContext$7: loaded 2 times (x 79B)
Class org.jetbrains.plugins.gradle.model.RepositoryModels                             : loaded 2 times (x 66B)
Class kotlin.collections.AbstractList$SubList                                         : loaded 2 times (x 194B)
Class kotlin.jvm.internal.CallableReference                                           : loaded 2 times (x 102B)
Class org.objectweb.asm.commons.InstructionAdapter                                    : loaded 2 times (x 184B)
Class org.jetbrains.plugins.gradle.model.GradleExtensions                             : loaded 2 times (x 66B)
Class org.jetbrains.plugins.gradle.tooling.serialization.internal.IdeaProjectSerializationService$WriteContext$8: loaded 2 times (x 79B)
Class kotlin.ranges.IntRange                                                          : loaded 2 times (x 89B)
Class org.gradle.tooling.model.idea.IdeaDependencyScope                               : loaded 2 times (x 66B)
Class org.gradle.internal.time.TimeSource                                             : loaded 2 times (x 66B)
Class org.gradle.tooling.model.kotlin.dsl.KotlinDslScriptsModel                       : loaded 2 times (x 66B)
Class com.android.builder.model.v2.ide.TestInfo                                       : loaded 2 times (x 66B)
Class com.google.common.base.Equivalence                                              : loaded 2 times (x 78B)
Class com.google.gson.stream.MalformedJsonException                                   : loaded 2 times (x 78B)
Class com.android.builder.model.v2.ide.AndroidArtifact                                : loaded 2 times (x 66B)
Class org.jetbrains.plugins.gradle.tooling.serialization.SerializationService         : loaded 2 times (x 66B)
Class org.gradle.tooling.internal.gradle.GradleBuildIdentity                          : loaded 2 times (x 66B)
Class kotlin.enums.EnumEntries                                                        : loaded 2 times (x 66B)
Class com.android.builder.model.v2.ide.JavaCompileOptions                             : loaded 2 times (x 66B)
Class com.google.common.cache.CacheBuilder$OneWeigher                                 : loaded 2 times (x 78B)
Class com.google.common.io.ByteArrayDataOutput                                        : loaded 2 times (x 66B)
Class org.jetbrains.plugins.gradle.tooling.serialization.internal.adapter.Supplier    : loaded 2 times (x 66B)
Class org.gradle.tooling.internal.adapter.ProtocolToModelAdapter$MixInMappingAction   : loaded 2 times (x 76B)
Class org.gradle.internal.exceptions.ResolutionProvider                               : loaded 2 times (x 66B)
Class jdk.internal.jimage.ImageBufferCache                                            : loaded 2 times (x 67B)
Class jdk.internal.jrtfs.JrtPath                                                      : loaded 2 times (x 114B)
Class kotlin.text.MatchResult$DefaultImpls                                            : loaded 2 times (x 67B)
Class org.gradle.tooling.model.idea.IdeaCompilerOutput                                : loaded 2 times (x 66B)
Class org.gradle.tooling.model.ProjectIdentifier                                      : loaded 2 times (x 66B)
Class org.gradle.internal.classloader.ClasspathUtil                                   : loaded 2 times (x 67B)
Class org.jetbrains.kotlin.tooling.core.HasExtras                                     : loaded 2 times (x 66B)
Class com.google.common.base.Charsets                                                 : loaded 2 times (x 67B)
Class com.google.common.util.concurrent.Uninterruptibles                              : loaded 2 times (x 67B)
Class com.android.builder.model.v2.ide.ProjectType                                    : loaded 2 times (x 75B)
Class com.intellij.gradle.toolingExtension.impl.model.sourceSetModel.GradleSourceSetSerialisationService: loaded 2 times (x 73B)
Class kotlin.io.FileSystemException                                                   : loaded 2 times (x 78B)
Class com.android.builder.model.v2.dsl.BaseConfig                                     : loaded 2 times (x 66B)
Class com.google.common.collect.Maps                                                  : loaded 2 times (x 67B)
Class org.gradle.internal.time.TimeSource$1                                           : loaded 2 times (x 73B)
Class kotlin.jvm.internal.DefaultConstructorMarker                                    : loaded 2 times (x 67B)
Class org.gradle.api.specs.Spec                                                       : loaded 2 times (x 66B)
Class [Lcom.google.common.collect.ImmutableEntry;                                     : loaded 2 times (x 65B)
Class jdk.internal.jimage.ImageReader$SharedImageReader$LocationVisitor               : loaded 2 times (x 66B)
Class com.google.common.cache.LocalCache$LoadingValueReference                        : loaded 2 times (x 92B)
Class com.intellij.gradle.toolingExtension.impl.model.buildScriptClasspathModel.GradleBuildScriptClasspathSerializationService: loaded 2 times (x 73B)
Class org.gradle.api.internal.classpath.ManifestUtil                                  : loaded 2 times (x 67B)
Class com.google.common.base.Platform                                                 : loaded 2 times (x 67B)
Class jdk.internal.jimage.decompressor.ResourceDecompressorRepository                 : loaded 2 times (x 67B)
Class org.jetbrains.plugins.gradle.model.FileCollectionDependency                     : loaded 2 times (x 66B)
Class org.gradle.internal.impldep.gnu.trove.TObjectHashingStrategy                    : loaded 2 times (x 66B)
Class com.intellij.gradle.toolingExtension.impl.model.utilDummyModel.DummyModel       : loaded 2 times (x 66B)
Class kotlin.collections.EmptyIterator                                                : loaded 2 times (x 85B)
Class kotlin.text.StringsKt__RegexExtensionsKt                                        : loaded 2 times (x 67B)
Class org.gradle.internal.time.Clock                                                  : loaded 2 times (x 66B)
Class com.android.builder.model.v2.dsl.ProductFlavor                                  : loaded 2 times (x 66B)
Class [Lcom.android.builder.model.v2.ide.TestInfo$Execution;                          : loaded 2 times (x 65B)
Class [Lorg.objectweb.asm.AnnotationWriter;                                           : loaded 2 times (x 65B)
Class com.google.common.collect.Maps$8                                                : loaded 2 times (x 78B)
Class jdk.internal.jimage.ImageReader$Directory                                       : loaded 2 times (x 80B)
Class org.jetbrains.plugins.gradle.model.GradleSourceSetDependencyModel               : loaded 2 times (x 66B)
Class com.google.common.collect.CompoundOrdering                                      : loaded 2 times (x 111B)
Class kotlin.sequences.SequencesKt__SequencesJVMKt                                    : loaded 2 times (x 67B)
Class kotlin.coroutines.jvm.internal.RestrictedSuspendLambda                          : loaded 2 times (x 87B)
Class org.gradle.tooling.internal.adapter.TypeInspector                               : loaded 2 times (x 69B)
Class org.gradle.tooling.internal.adapter.ProtocolToModelAdapter$NoOpDecoration       : loaded 2 times (x 75B)
Class org.gradle.tooling.model.Element                                                : loaded 2 times (x 66B)
Class kotlin.collections.AbstractList                                                 : loaded 2 times (x 193B)
Class kotlin.collections.AbstractCollection                                           : loaded 2 times (x 113B)
Class com.google.common.collect.Lists$ReverseList$1                                   : loaded 2 times (x 95B)
Class org.gradle.tooling.internal.adapter.ProtocolToModelAdapter$InvocationHandlerImpl: loaded 2 times (x 73B)
Class org.jetbrains.kotlin.tooling.core.Extras                                        : loaded 2 times (x 66B)
Class com.google.common.collect.Sets$SetView                                          : loaded 2 times (x 134B)
Class com.google.common.cache.LocalCache$StrongValueReference                         : loaded 2 times (x 86B)
Class com.google.common.util.concurrent.AbstractFuture$SynchronizedHelper             : loaded 2 times (x 74B)
Class com.intellij.gradle.toolingExtension.impl.model.taskModel.GradleTaskSerialisationService: loaded 2 times (x 72B)
Class com.android.ide.gradle.model.LegacyV1AgpVersionModel                            : loaded 2 times (x 66B)
Class kotlin.text.StringsKt__StringBuilderJVMKt                                       : loaded 2 times (x 67B)
Class kotlin.text.Regex                                                               : loaded 2 times (x 68B)
Class kotlin.sequences.SequencesKt__SequenceBuilderKt$sequence$$inlined$Sequence$1    : loaded 2 times (x 71B)
Class kotlin.Triple                                                                   : loaded 2 times (x 68B)
Class com.google.common.graph.SuccessorsFunction                                      : loaded 2 times (x 66B)
Class [Lcom.google.gson.stream.JsonToken;                                             : loaded 2 times (x 65B)
Class org.objectweb.asm.Type                                                          : loaded 2 times (x 68B)
Class org.jetbrains.plugins.gradle.tooling.util.IntObjectMap$1                        : loaded 2 times (x 73B)
Class org.gradle.internal.impldep.com.google.common.base.Preconditions                : loaded 2 times (x 67B)
Class org.gradle.internal.classloader.VisitableURLClassLoader$InstrumentingVisitableURLClassLoader: loaded 2 times (x 119B)
Class com.google.common.io.Files$FileByteSink                                         : loaded 2 times (x 73B)
Class com.android.builder.model.v2.ide.AndroidGradlePluginProjectFlags                : loaded 2 times (x 66B)
Class [Lcom.android.builder.model.v2.ide.AndroidGradlePluginProjectFlags$BooleanFlag; : loaded 2 times (x 65B)
Class com.android.builder.model.v2.ide.BasicVariant                                   : loaded 2 times (x 66B)
Class org.objectweb.asm.ByteVector                                                    : loaded 2 times (x 75B)
Class [Lcom.google.common.cache.CacheBuilder$NullListener;                            : loaded 2 times (x 65B)
Class com.google.common.math.IntMath$1                                                : loaded 2 times (x 67B)
Class kotlin.comparisons.ComparisonsKt__ComparisonsKt                                 : loaded 2 times (x 67B)
Class kotlin.ranges.RangesKt__RangesKt                                                : loaded 2 times (x 67B)
Class kotlin.collections.SetsKt___SetsKt                                              : loaded 2 times (x 67B)
Class kotlin.sequences.SequencesKt__SequencesKt                                       : loaded 2 times (x 67B)
Class kotlin.coroutines.Continuation                                                  : loaded 2 times (x 66B)
Class org.gradle.internal.classloader.VisitableURLClassLoader$Spec                    : loaded 2 times (x 70B)
Class org.gradle.internal.classpath.DefaultClassPath                                  : loaded 2 times (x 86B)
Class com.android.builder.model.v2.ide.BundleInfo                                     : loaded 2 times (x 66B)
Class com.android.builder.model.v2.ide.SourceProvider                                 : loaded 2 times (x 66B)
Class org.objectweb.asm.Symbol                                                        : loaded 2 times (x 69B)
Class jdk.internal.jimage.decompressor.ZipDecompressorFactory                         : loaded 2 times (x 70B)
Class org.jetbrains.plugins.gradle.model.GradleBuildScriptClasspathModel              : loaded 2 times (x 66B)
Class kotlin.sequences.FilteringSequence                                              : loaded 2 times (x 71B)
Class kotlin.text.CharsKt__CharJVMKt                                                  : loaded 2 times (x 67B)
Class kotlin.comparisons.ComparisonsKt                                                : loaded 2 times (x 67B)
Class kotlin.comparisons.ComparisonsKt___ComparisonsKt                                : loaded 2 times (x 67B)
Class kotlin.coroutines.jvm.internal.BaseContinuationImpl                             : loaded 2 times (x 83B)
Class kotlin.Result$Companion                                                         : loaded 2 times (x 67B)
Class org.gradle.util.internal.DefaultGradleVersion                                   : loaded 2 times (x 76B)
Class com.google.common.io.Closer                                                     : loaded 2 times (x 74B)
Class com.google.common.base.CharMatcher$Ascii                                        : loaded 2 times (x 108B)
Class com.google.common.base.CharMatcher$BitSetMatcher                                : loaded 2 times (x 108B)
Class org.gradle.tooling.model.build.GradleEnvironment                                : loaded 2 times (x 66B)
Class org.jetbrains.plugins.gradle.tooling.util.IntObjectMap$ObjectFactory            : loaded 2 times (x 66B)
Class org.gradle.internal.classloader.ClassLoaderSpec                                 : loaded 2 times (x 67B)
Class org.objectweb.asm.AnnotationWriter                                              : loaded 2 times (x 75B)
Class com.google.common.cache.CacheStats                                              : loaded 2 times (x 67B)
Class kotlin.jvm.internal.FunctionReferenceImpl                                       : loaded 2 times (x 118B)
Class kotlin.collections.CollectionsKt___CollectionsJvmKt                             : loaded 2 times (x 67B)
Class com.google.common.io.Closer$Suppressor                                          : loaded 2 times (x 66B)
Class com.google.common.io.LineProcessor                                              : loaded 2 times (x 66B)
Class org.objectweb.asm.RecordComponentWriter                                         : loaded 2 times (x 74B)
Class com.google.common.util.concurrent.AbstractFuture$Listener                       : loaded 2 times (x 68B)
Class [Lcom.android.builder.model.v2.ide.ProjectType;                                 : loaded 2 times (x 65B)
Class com.google.common.base.CharMatcher$Or                                           : loaded 2 times (x 108B)
Class Settings_gradle$1$1                                                             : loaded 2 times (x 70B)
Class kotlin.TuplesKt                                                                 : loaded 2 times (x 67B)
Class kotlin.jvm.internal.markers.KMutableIterable                                    : loaded 2 times (x 66B)
Class kotlin.sequences.SequencesKt___SequencesJvmKt                                   : loaded 2 times (x 67B)
Class org.gradle.tooling.internal.adapter.ProtocolToModelAdapter$DefaultViewBuilder   : loaded 2 times (x 76B)
Class kotlin.Unit                                                                     : loaded 2 times (x 67B)
Class [Lcom.android.builder.model.v2.ide.AaptOptions$Namespacing;                     : loaded 2 times (x 65B)
Class org.objectweb.asm.Attribute                                                     : loaded 2 times (x 73B)
Class com.google.common.base.Supplier                                                 : loaded 2 times (x 66B)
Class kotlin.ranges.RangesKt                                                          : loaded 2 times (x 67B)
Class org.gradle.tooling.internal.adapter.ProtocolToModelAdapter$ViewGraphDetails$1   : loaded 2 times (x 73B)
Class org.gradle.internal.classloader.VisitableURLClassLoader                         : loaded 2 times (x 113B)
Class com.google.common.util.concurrent.AbstractFuture$Waiter                         : loaded 2 times (x 68B)
Class com.android.ide.common.repository.AgpVersion$Companion                          : loaded 2 times (x 67B)
Class Settings_gradle                                                                 : loaded 2 times (x 124B)
Class org.jetbrains.plugins.gradle.tooling.serialization.ExternalTestsSerializationService$ReadContext: loaded 2 times (x 68B)
Class kotlin.sequences.FlatteningSequence$iterator$1                                  : loaded 2 times (x 75B)
Class kotlin.jvm.functions.Function0                                                  : loaded 2 times (x 66B)
Class kotlin.collections.ArraysUtilJVM                                                : loaded 2 times (x 67B)
Class com.google.common.util.concurrent.ExecutionError                                : loaded 2 times (x 78B)
Class com.google.common.collect.ImmutableEnumSet                                      : loaded 2 times (x 142B)
Class org.gradle.tooling.model.idea.IdeaDependency                                    : loaded 2 times (x 66B)
Class com.android.builder.model.v2.ide.AaptOptions                                    : loaded 2 times (x 66B)
Class [Lcom.android.builder.model.v2.ide.BytecodeTransformation;                      : loaded 2 times (x 65B)
Class com.google.common.base.Strings                                                  : loaded 2 times (x 67B)
Class com.google.common.collect.Sets                                                  : loaded 2 times (x 67B)
Class org.objectweb.asm.Handler                                                       : loaded 2 times (x 68B)
Class com.google.common.base.Ticker                                                   : loaded 2 times (x 68B)
Class com.google.common.base.CharMatcher$FastMatcher                                  : loaded 2 times (x 107B)
Class jdk.internal.jimage.decompressor.ZipDecompressor                                : loaded 2 times (x 71B)
Class kotlin.collections.AbstractMutableList                                          : loaded 2 times (x 202B)
Class kotlin.jvm.functions.Function1                                                  : loaded 2 times (x 66B)
Class com.android.builder.model.v2.models.ndk.NativeModelBuilderParameter             : loaded 2 times (x 66B)
Class [Lcom.google.common.cache.LocalCache$Segment;                                   : loaded 2 times (x 65B)
Class [Lcom.google.common.cache.LocalCache$Strength;                                  : loaded 2 times (x 65B)
Class com.google.common.cache.CacheBuilder$1                                          : loaded 2 times (x 81B)
Class com.android.builder.model.v2.models.VariantDependenciesAdjacencyList            : loaded 2 times (x 66B)
Class org.gradle.internal.classloader.ClassLoaderHierarchy                            : loaded 2 times (x 66B)
Class org.jetbrains.plugins.gradle.tooling.serialization.internal.IdeaProjectSerializationService$WriteContext: loaded 2 times (x 68B)
Class com.intellij.gradle.toolingExtension.impl.model.sourceSetDependencyModel.GradleSourceSetDependencySerialisationService: loaded 2 times (x 73B)
Class org.jetbrains.plugins.gradle.model.GradleSourceSetModel                         : loaded 2 times (x 66B)
Class kotlin.KotlinNothingValueException                                              : loaded 2 times (x 78B)
Class kotlin.jvm.functions.Function2                                                  : loaded 2 times (x 66B)
Class org.gradle.internal.classpath.DefaultClassPath$ImmutableUniqueList$Builder      : loaded 2 times (x 71B)
Class com.google.gson.stream.JsonToken                                                : loaded 2 times (x 75B)
Class kotlin.collections.CollectionsKt__ReversedViewsKt                               : loaded 2 times (x 67B)
Class com.google.common.cache.LocalCache                                              : loaded 2 times (x 183B)
Class com.google.common.cache.CacheBuilder$2                                          : loaded 2 times (x 75B)
Class com.google.common.base.CharMatcher$NegatedFastMatcher                           : loaded 2 times (x 109B)
Class com.android.ide.gradle.model.dependencies.Coordinates                           : loaded 2 times (x 66B)
Class kotlin.collections.MapsKt___MapsJvmKt                                           : loaded 2 times (x 67B)
Class org.gradle.tooling.internal.adapter.WeakIdentityHashMap$AbsentValueProvider     : loaded 2 times (x 66B)
Class org.jetbrains.kotlin.cli.common.arguments.K2JVMCompilerArguments                : loaded 2 times (x 77B)
Class com.google.common.collect.ArrayListMultimap                                     : loaded 2 times (x 168B)
Class com.google.common.cache.CacheBuilder$3                                          : loaded 2 times (x 68B)
Class [Lcom.google.common.collect.AbstractMapEntry;                                   : loaded 2 times (x 65B)
Class kotlin.sequences.SequencesKt__SequenceBuilderKt                                 : loaded 2 times (x 67B)
Class org.jetbrains.plugins.gradle.tooling.util.ObjectCollector$Processor             : loaded 2 times (x 66B)
Class kotlin.jvm.functions.Function4                                                  : loaded 2 times (x 66B)
Class kotlin.collections.EmptySet                                                     : loaded 2 times (x 118B)
Class kotlin.annotation.Target                                                        : loaded 2 times (x 66B)
Class kotlin.collections.CollectionsKt___CollectionsKt                                : loaded 2 times (x 67B)
Class kotlin.jvm.internal.CollectionToArray                                           : loaded 2 times (x 67B)
Class org.gradle.internal.exceptions.NonGradleCauseExceptionsHolder                   : loaded 2 times (x 66B)
Class org.gradle.tooling.model.idea.IdeaModuleDependency                              : loaded 2 times (x 66B)
Class org.gradle.tooling.internal.adapter.ViewBuilder                                 : loaded 2 times (x 66B)
Class com.android.builder.model.v2.ide.ApiVersion                                     : loaded 2 times (x 66B)
Class com.google.common.collect.CollectPreconditions                                  : loaded 2 times (x 67B)
Class jdk.internal.jimage.ImageStrings                                                : loaded 2 times (x 66B)
Class org.jetbrains.plugins.gradle.model.AnnotationProcessingConfig                   : loaded 2 times (x 66B)
Class kotlin.text.StringsKt___StringsJvmKt                                            : loaded 2 times (x 67B)
Class kotlin.reflect.KDeclarationContainer                                            : loaded 2 times (x 66B)
Class kotlin.annotation.Retention                                                     : loaded 2 times (x 66B)
Class [Lcom.google.common.io.FileWriteMode;                                           : loaded 2 times (x 65B)
Class com.android.builder.model.v2.models.Versions$Version                            : loaded 2 times (x 66B)
Class com.google.common.collect.SortedMapDifference                                   : loaded 2 times (x 66B)
Class org.jetbrains.plugins.gradle.tooling.ModelBuilderService$Parameter              : loaded 2 times (x 66B)
Class kotlin.io.FilesKt                                                               : loaded 2 times (x 67B)
Class kotlin.collections.MapsKt___MapsKt                                              : loaded 2 times (x 67B)
Class kotlin.collections.ArraysKt___ArraysKt                                          : loaded 2 times (x 67B)
Class com.google.common.io.Files                                                      : loaded 2 times (x 67B)
Class org.jetbrains.kotlin.cli.common.arguments.CommonCompilerArguments               : loaded 2 times (x 76B)
Class com.google.common.cache.LocalCache$EntryFactory                                 : loaded 2 times (x 79B)
Class org.gradle.internal.impldep.gnu.trove.TObjectIntProcedure                       : loaded 2 times (x 66B)
Class kotlin.collections.MapsKt__MapWithDefaultKt                                     : loaded 2 times (x 67B)
Class org.gradle.tooling.internal.adapter.ProtocolToModelAdapter$ReflectionMethodInvoker: loaded 2 times (x 72B)
Class org.jetbrains.kotlin.tooling.core.HasMutableExtras                              : loaded 2 times (x 66B)
Class com.google.common.cache.LocalCache$AbstractReferenceEntry                       : loaded 2 times (x 103B)
Class kotlin.text.StringsKt___StringsKt                                               : loaded 2 times (x 67B)
Class com.google.common.collect.NullsLastOrdering                                     : loaded 2 times (x 111B)
Class kotlin.collections.CollectionsKt__MutableCollectionsJVMKt                       : loaded 2 times (x 67B)
Class kotlin.io.FilesKt__FileTreeWalkKt                                               : loaded 2 times (x 67B)
Class kotlin.enums.EnumEntriesKt                                                      : loaded 2 times (x 67B)
Class com.android.builder.model.v2.models.VariantDependencies                         : loaded 2 times (x 66B)
Class kotlin.sequences.FilteringSequence$iterator$1                                   : loaded 2 times (x 75B)
Class org.objectweb.asm.SymbolTable                                                   : loaded 2 times (x 68B)
Class com.google.common.cache.CacheLoader$InvalidCacheLoadException                   : loaded 2 times (x 78B)
Class com.intellij.gradle.toolingExtension.impl.model.sourceSetModel.GradleSourceSetSerialisationService$Companion: loaded 2 times (x 67B)
Class org.jetbrains.plugins.gradle.model.GradleProperty                               : loaded 2 times (x 66B)
Class org.gradle.internal.classloader.SystemClassLoaderSpec                           : loaded 2 times (x 67B)
Class com.android.builder.model.v2.ide.TestedTargetVariant                            : loaded 2 times (x 66B)
Class com.google.common.cache.LocalCache$StrongEntry                                  : loaded 2 times (x 104B)
Class com.google.common.util.concurrent.AbstractFuture$TrustedFuture                  : loaded 2 times (x 110B)
Class com.google.common.cache.LoadingCache                                            : loaded 2 times (x 66B)
Class kotlin.ranges.IntRange$Companion                                                : loaded 2 times (x 67B)
Class kotlin.text.MatcherMatchResult$groups$1                                         : loaded 2 times (x 147B)
Class kotlin.collections.EmptyMap                                                     : loaded 2 times (x 105B)
Class kotlin.reflect.KAnnotatedElement                                                : loaded 2 times (x 66B)
Class kotlin.jvm.internal.markers.KMutableCollection                                  : loaded 2 times (x 66B)
Class kotlin.coroutines.intrinsics.IntrinsicsKt                                       : loaded 2 times (x 67B)
Class org.gradle.internal.exceptions.MultiCauseException                              : loaded 2 times (x 66B)
Class org.gradle.internal.time.CountdownTimer                                         : loaded 2 times (x 66B)
Class kotlin.jvm.internal.Intrinsics                                                  : loaded 2 times (x 67B)
Class com.google.common.io.ByteStreams$LimitedInputStream                             : loaded 2 times (x 88B)
Class org.objectweb.asm.MethodWriter                                                  : loaded 2 times (x 102B)
Class [Lcom.google.common.cache.Weigher;                                              : loaded 2 times (x 65B)
Class jdk.internal.jimage.BasicImageReader                                            : loaded 2 times (x 91B)
Class jdk.internal.jrtfs.JrtFileSystem                                                : loaded 2 times (x 98B)
Class com.intellij.gradle.toolingExtension.impl.model.projectModel.GradleExternalProjectSerializationService$ReadContext: loaded 2 times (x 69B)
Class com.intellij.gradle.toolingExtension.impl.model.dependencyModel.DependencyWriteContext: loaded 2 times (x 68B)
Class kotlin.collections.MapsKt                                                       : loaded 2 times (x 67B)
Class kotlin.coroutines.intrinsics.CoroutineSingletons                                : loaded 2 times (x 75B)
Class kotlin.collections.CollectionsKt__IterablesKt                                   : loaded 2 times (x 67B)
Class org.gradle.tooling.model.ProjectModel                                           : loaded 2 times (x 66B)
Class jdk.internal.jimage.decompressor.CompressedResourceHeader                       : loaded 2 times (x 67B)
Class sync_studio_tooling_sviclldifj9vr18aattbfedz                                    : loaded 2 times (x 175B)
Class kotlin.ranges.OpenEndRange                                                      : loaded 2 times (x 66B)
Class kotlin.sequences.SequenceBuilderIterator                                        : loaded 2 times (x 81B)
Class kotlin.KotlinNullPointerException                                               : loaded 2 times (x 79B)
Class com.android.ide.common.repository.AgpVersion$Companion$WhenMappings             : loaded 2 times (x 67B)
Class com.google.common.collect.RegularImmutableBiMap                                 : loaded 2 times (x 145B)
Class com.google.common.cache.LocalCache$ValueReference                               : loaded 2 times (x 66B)
Class com.google.common.base.CharMatcher$Negated                                      : loaded 2 times (x 109B)
Class com.google.common.base.CharMatcher$Is                                           : loaded 2 times (x 107B)
Class org.jetbrains.plugins.gradle.model.tests.ExternalTestsModel                     : loaded 2 times (x 66B)
Class kotlin.ranges.RangesKt___RangesKt                                               : loaded 2 times (x 67B)
Class org.gradle.tooling.model.idea.IdeaLanguageLevel                                 : loaded 2 times (x 66B)
Class org.gradle.tooling.internal.adapter.ProtocolToModelAdapter$SafeMethodInvoker    : loaded 2 times (x 72B)
Class org.gradle.tooling.internal.adapter.WeakIdentityHashMap$WeakKey                 : loaded 2 times (x 75B)
Class org.gradle.internal.exceptions.DefaultMultiCauseException                       : loaded 2 times (x 91B)
Class org.jetbrains.kotlin.cli.common.arguments.CommonToolArguments                   : loaded 2 times (x 69B)
Class com.google.common.base.PatternCompiler                                          : loaded 2 times (x 66B)
Class com.google.common.util.concurrent.AbstractFuture$Failure                        : loaded 2 times (x 68B)
Class com.google.common.base.Equivalence$Equals                                       : loaded 2 times (x 78B)
Class com.google.common.collect.Hashing                                               : loaded 2 times (x 67B)
Class com.google.common.base.CharMatcher$IsEither                                     : loaded 2 times (x 107B)
Class com.intellij.gradle.toolingExtension.impl.model.projectModel.GradleExternalProjectSerializationService: loaded 2 times (x 73B)
Class kotlin.text.CharsKt__CharKt                                                     : loaded 2 times (x 67B)
Class kotlin.collections.ArrayDeque$Companion                                         : loaded 2 times (x 67B)
Class kotlin.collections.ArraysKt                                                     : loaded 2 times (x 67B)
Class org.gradle.tooling.model.HierarchicalElement                                    : loaded 2 times (x 66B)
Class com.google.common.io.CharSink                                                   : loaded 2 times (x 75B)
Class com.android.builder.model.v2.dsl.DependenciesInfo                               : loaded 2 times (x 66B)
Class com.google.common.io.FileWriteMode                                              : loaded 2 times (x 75B)
Class org.objectweb.asm.Label                                                         : loaded 2 times (x 69B)
Class org.objectweb.asm.CurrentFrame                                                  : loaded 2 times (x 69B)
Class org.objectweb.asm.ClassTooLargeException                                        : loaded 2 times (x 79B)
Class com.google.common.base.CharMatcher                                              : loaded 2 times (x 107B)
Class com.google.gson.stream.JsonReader                                               : loaded 2 times (x 93B)
Class org.gradle.internal.classloader.FilteringClassLoader                            : loaded 2 times (x 101B)
Class org.jetbrains.plugins.gradle.tooling.serialization.ExternalTestsSerializationService: loaded 2 times (x 73B)
Class com.google.common.collect.ByFunctionOrdering                                    : loaded 2 times (x 111B)
Class kotlin.collections.SetsKt__SetsKt                                               : loaded 2 times (x 67B)
Class kotlin.coroutines.EmptyCoroutineContext                                         : loaded 2 times (x 73B)
Class org.gradle.internal.time.Time                                                   : loaded 2 times (x 67B)
Class com.android.builder.model.v2.models.ProjectGraph                                : loaded 2 times (x 66B)
Class kotlin.NotImplementedError                                                      : loaded 2 times (x 78B)
Class kotlin.sequences.FlatteningSequence                                             : loaded 2 times (x 71B)
Class org.objectweb.asm.Frame                                                         : loaded 2 times (x 69B)
Class org.objectweb.asm.MethodVisitor                                                 : loaded 2 times (x 101B)
Class com.google.common.cache.LocalCache$EntryFactory$1                               : loaded 2 times (x 79B)
Class [Lcom.google.common.cache.RemovalListener;                                      : loaded 2 times (x 65B)
Class com.google.common.base.CharMatcher$NamedFastMatcher                             : loaded 2 times (x 108B)
Class com.google.common.base.CharMatcher$1                                            : loaded 2 times (x 109B)
Class com.android.ide.common.repository.AgpVersion$PreviewKind                        : loaded 2 times (x 75B)
Class org.jetbrains.plugins.gradle.tooling.serialization.AnnotationProcessingModelSerializationService: loaded 2 times (x 73B)
Class kotlin.collections.ArraysKt__ArraysJVMKt                                        : loaded 2 times (x 67B)
Class kotlin.text.MatcherMatchResult                                                  : loaded 2 times (x 76B)
Class com.google.common.cache.LocalCache$EntryFactory$2                               : loaded 2 times (x 79B)
Class [Lcom.intellij.openapi.externalSystem.model.project.dependencies.ResolutionState;: loaded 2 times (x 65B)
Class org.gradle.internal.impldep.gnu.trove.TObjectHash                               : loaded 2 times (x 90B)
Class org.jetbrains.plugins.gradle.model.DependencyAccessorsModel                     : loaded 2 times (x 66B)
Class kotlin.text.StringsKt__StringBuilderKt                                          : loaded 2 times (x 67B)
Class kotlin.jvm.internal.CallableReference$NoReceiver                                : loaded 2 times (x 67B)
Class org.gradle.api.internal.classpath.GlobalCacheRootsProvider                      : loaded 2 times (x 66B)
Class com.google.common.collect.CollectCollectors                                     : loaded 2 times (x 67B)
Class org.objectweb.asm.ModuleWriter                                                  : loaded 2 times (x 78B)
Class com.google.common.cache.LocalCache$EntryFactory$3                               : loaded 2 times (x 79B)
Class com.google.common.base.Ticker$1                                                 : loaded 2 times (x 68B)
Class com.google.common.collect.Maps$BiMapConverter                                   : loaded 2 times (x 86B)
Class kotlin.text.MatchGroupCollection                                                : loaded 2 times (x 66B)
Class org.jetbrains.kotlin.idea.gradleTooling.KotlinMPPGradleModel                    : loaded 2 times (x 66B)
Class com.intellij.gradle.toolingExtension.impl.model.dependencyDownloadPolicyModel.GradleDependencyDownloadPolicy: loaded 2 times (x 66B)
Class ijInit1_2l42ij0m6akgsjmkikp9iz06h                                               : loaded 2 times (x 175B)
Class kotlin.NoWhenBranchMatchedException                                             : loaded 2 times (x 78B)
Class org.gradle.tooling.model.BuildIdentifier                                        : loaded 2 times (x 66B)
Class com.android.builder.model.v2.ide.VectorDrawablesOptions                         : loaded 2 times (x 66B)
Class com.google.common.cache.LocalCache$EntryFactory$4                               : loaded 2 times (x 79B)
Class com.google.common.base.CharMatcher$InRange                                      : loaded 2 times (x 107B)
Class com.google.common.collect.ImmutableSet$Builder                                  : loaded 2 times (x 81B)
Class org.jetbrains.kotlin.idea.gradleTooling.PrepareKotlinIdeImportTaskModel         : loaded 2 times (x 66B)
Class com.google.common.io.ByteStreams$1                                              : loaded 2 times (x 81B)
Class com.android.builder.model.v2.models.VariantDependenciesFlatList                 : loaded 2 times (x 66B)
Class com.google.common.cache.LocalCache$EntryFactory$5                               : loaded 2 times (x 79B)
Class com.android.ide.gradle.model.GradlePluginModel                                  : loaded 2 times (x 66B)
Class com.google.common.collect.ReverseOrdering                                       : loaded 2 times (x 111B)
Class org.gradle.tooling.model.build.JavaEnvironment                                  : loaded 2 times (x 66B)
Class kotlin.text.StringsKt__StringsKt                                                : loaded 2 times (x 67B)
Class com.android.builder.model.v2.ide.SourceSetContainer                             : loaded 2 times (x 66B)
Class com.google.common.cache.LocalCache$EntryFactory$6                               : loaded 2 times (x 79B)
Class org.gradle.internal.time.Timer                                                  : loaded 2 times (x 66B)
Class kotlin.jvm.internal.markers.KMappedMarker                                       : loaded 2 times (x 66B)
Class org.gradle.internal.installation.CurrentGradleInstallationLocator               : loaded 2 times (x 67B)
Class com.android.builder.model.v2.ide.LintOptions                                    : loaded 2 times (x 66B)
Class com.google.common.collect.Maps$KeySet                                           : loaded 2 times (x 133B)
Class com.google.common.cache.LocalCache$EntryFactory$7                               : loaded 2 times (x 79B)
Class com.google.common.collect.ImmutableSet$EmptySetBuilderImpl                      : loaded 2 times (x 72B)
Class com.android.ide.gradle.model.dependencies.DeclaredDependencies                  : loaded 2 times (x 66B)
Class org.gradle.tooling.internal.adapter.ProtocolToModelAdapter$ViewGraphDetails     : loaded 2 times (x 68B)
Class org.gradle.tooling.model.idea.IdeaProject                                       : loaded 2 times (x 66B)
Class org.gradle.tooling.model.DomainObjectSet                                        : loaded 2 times (x 66B)
Class org.gradle.internal.service.DefaultServiceLocator                               : loaded 2 times (x 79B)
Class com.android.builder.model.v2.ide.BasicArtifact                                  : loaded 2 times (x 66B)
Class org.jetbrains.kotlin.util.capitalizeDecapitalize.CapitalizeDecapitalizeKt       : loaded 2 times (x 67B)
Class com.google.common.cache.LocalCache$EntryFactory$8                               : loaded 2 times (x 79B)
Class org.jetbrains.plugins.gradle.tooling.serialization.internal.IdeaProjectSerializationService$ReadContext: loaded 2 times (x 68B)
Class jdk.internal.jrtfs.JrtDirectoryStream                                           : loaded 2 times (x 85B)
Class kotlin.coroutines.jvm.internal.SuspendFunction                                  : loaded 2 times (x 66B)
Class org.gradle.util.GradleVersion                                                   : loaded 2 times (x 75B)
Class org.gradle.internal.installation.CurrentGradleInstallation                      : loaded 2 times (x 69B)
Class com.google.common.cache.CacheLoader$1                                           : loaded 2 times (x 71B)
Class com.google.common.collect.ForwardingObject                                      : loaded 2 times (x 68B)
Class com.google.common.base.Equivalence$Identity                                     : loaded 2 times (x 78B)
Class org.jetbrains.plugins.gradle.tooling.serialization.GradleExtensionsSerializationService$WriteContext: loaded 2 times (x 68B)
Class com.intellij.gradle.toolingExtension.impl.model.taskModel.GradleTaskSerialisationService$Companion: loaded 2 times (x 67B)
Class org.jetbrains.plugins.gradle.javaModel.JavaGradleManifestModel                  : loaded 2 times (x 66B)
Class kotlin.jvm.internal.StringCompanionObject                                       : loaded 2 times (x 67B)
Class kotlin.coroutines.intrinsics.IntrinsicsKt__IntrinsicsJvmKt                      : loaded 2 times (x 67B)
Class kotlin.coroutines.jvm.internal.CoroutineStackFrame                              : loaded 2 times (x 66B)
Class org.gradle.tooling.internal.adapter.ProtocolToModelAdapter$MethodInvocationCache$MethodInvocationKey: loaded 2 times (x 69B)
Class org.gradle.util.internal.GUtil                                                  : loaded 2 times (x 67B)
Class com.google.common.io.ByteSource                                                 : loaded 2 times (x 80B)
Class com.google.common.util.concurrent.AbstractFuture$SetFuture                      : loaded 2 times (x 71B)
Class com.google.common.cache.AbstractCache$StatsCounter                              : loaded 2 times (x 66B)
Class com.intellij.gradle.toolingExtension.impl.model.sourceSetModel.GradleSourceSetSerialisationService$SourceSetModelReadContext: loaded 2 times (x 68B)
Class com.intellij.gradle.toolingExtension.impl.model.utilTurnOffDefaultTasksModel.TurnOffDefaultTasks: loaded 2 times (x 66B)
Class kotlin.io.NoSuchFileException                                                   : loaded 2 times (x 78B)
Class kotlin.collections.CollectionsKt                                                : loaded 2 times (x 67B)
Class com.android.builder.model.v2.dsl.BuildType                                      : loaded 2 times (x 66B)
Class com.google.common.base.PairwiseEquivalence                                      : loaded 2 times (x 79B)
Class [Lcom.google.common.cache.LocalCache$EntryFactory;                              : loaded 2 times (x 65B)
Class com.intellij.gradle.toolingExtension.impl.model.sourceSetModel.GradleSourceSetSerialisationService$SourceSetModelWriteContext: loaded 2 times (x 68B)
Class kotlin.ranges.IntProgressionIterator                                            : loaded 2 times (x 78B)
Class kotlin.coroutines.CoroutineContext                                              : loaded 2 times (x 66B)
Class kotlin.coroutines.jvm.internal.DebugProbesKt                                    : loaded 2 times (x 67B)
Class org.gradle.tooling.internal.adapter.WeakIdentityHashMap                         : loaded 2 times (x 72B)
Class org.gradle.tooling.GradleConnectionException                                    : loaded 2 times (x 79B)
Class org.gradle.tooling.internal.adapter.ProtocolToModelAdapter$1                    : loaded 2 times (x 71B)
Class org.gradle.tooling.internal.adapter.ProtocolToModelAdapter$ViewDecoration       : loaded 2 times (x 66B)
Class org.gradle.internal.installation.GradleInstallation                             : loaded 2 times (x 71B)
Class com.android.builder.model.v2.ide.ViewBindingOptions                             : loaded 2 times (x 66B)
Class jdk.internal.jimage.decompressor.ResourceDecompressor$StringsProvider           : loaded 2 times (x 66B)
Class org.jetbrains.plugins.gradle.tooling.serialization.GradleExtensionsSerializationService$ReadContext: loaded 2 times (x 68B)
Class com.google.common.collect.LexicographicalOrdering                               : loaded 2 times (x 111B)
Class org.gradle.tooling.internal.adapter.MethodInvoker                               : loaded 2 times (x 66B)
Class com.google.common.collect.Lists$RandomAccessReverseList                         : loaded 2 times (x 196B)
Class org.jetbrains.plugins.gradle.tooling.serialization.RepositoriesModelSerializationService$WriteContext: loaded 2 times (x 68B)
Class com.android.ide.gradle.model.LegacyAndroidGradlePluginProperties                : loaded 2 times (x 66B)
Class kotlin.ranges.IntProgression                                                    : loaded 2 times (x 77B)
Class kotlin.jvm.KotlinReflectionNotSupportedError                                    : loaded 2 times (x 78B)
Class org.gradle.tooling.model.gradle.GradleScript                                    : loaded 2 times (x 66B)

---------------  S Y S T E M  ---------------

OS:
 Windows 11 , 64 bit Build 22621 (10.0.22621.5415)
OS uptime: 6 days 5:29 hours
Hyper-V role detected

CPU: total 8 (initial active 8) (4 cores per cpu, 2 threads per core) family 6 model 126 stepping 5 microcode 0xb0, cx8, cmov, fxsr, ht, mmx, 3dnowpref, sse, sse2, sse3, ssse3, sse4.1, sse4.2, popcnt, lzcnt, tsc, tscinvbit, avx, avx2, aes, erms, clmul, bmi1, bmi2, adx, avx512f, avx512dq, avx512cd, avx512bw, avx512vl, sha, fma, vzeroupper, avx512_vpopcntdq, avx512_vpclmulqdq, avx512_vaes, avx512_vnni, clflush, clflushopt, avx512_vbmi2, avx512_vbmi, hv, rdtscp, rdpid, fsrm, gfni, avx512_bitalg, f16c, avx512_ifma
Processor Information for the first 8 processors :
  Max Mhz: 1498, Current Mhz: 1098, Mhz Limit: 1093

Memory: 4k page, system-wide physical 7987M (223M free)
TotalPageFile size 17203M (AvailPageFile size 2473M)
current process WorkingSet (physical memory assigned to process): 800M, peak: 800M
current process commit charge ("private bytes"): 913M, peak: 915M

vm_info: OpenJDK 64-Bit Server VM (21.0.6+-13391695-b895.109) for windows-amd64 JRE (21.0.6+-13391695-b895.109), built on 2025-04-22T21:19:17Z by "builder" with MS VC++ 16.10 / 16.11 (VS2019)

END.
